{
	"start":	{
		"connected":	[{
				"socket":	5,
				"local_host":	"10.0.0.225",
				"local_port":	50734,
				"remote_host":	"10.1.0.224",
				"remote_port":	5201
			}],
		"version":	"iperf 3.9",
		"system_info":	"Linux agsargsyan-VirtualBox 6.5.0-21-generic #21~22.04.1-Ubuntu SMP PREEMPT_DYNAMIC Fri Feb  9 13:32:52 UTC 2 x86_64",
		"timestamp":	{
			"time":	"Sun, 25 Feb 2024 14:10:49 GMT",
			"timesecs":	1708870249
		},
		"connecting_to":	{
			"host":	"10.1.0.224",
			"port":	5201
		},
		"cookie":	"navgxiprb3ye2mfevipz42l6wg3fuolvezja",
		"tcp_mss_default":	1448,
		"sock_bufsize":	0,
		"sndbuf_actual":	87380,
		"rcvbuf_actual":	87380,
		"test_start":	{
			"protocol":	"TCP",
			"num_streams":	1,
			"blksize":	131072,
			"omit":	0,
			"duration":	26,
			"bytes":	0,
			"blocks":	0,
			"reverse":	0,
			"tos":	0
		}
	},
	"intervals":	[{
			"streams":	[{
					"socket":	5,
					"start":	0,
					"end":	1.000941,
					"seconds":	1.0009410381317139,
					"bytes":	23134280,
					"bits_per_second":	184900241.82188249,
					"retransmits":	1704,
					"snd_cwnd":	1016496,
					"rtt":	58270,
					"rttvar":	43917,
					"pmtu":	1500,
					"omitted":	false,
					"sender":	true
				}],
			"sum":	{
				"start":	0,
				"end":	1.000941,
				"seconds":	1.0009410381317139,
				"bytes":	23134280,
				"bits_per_second":	184900241.82188249,
				"retransmits":	1704,
				"omitted":	false,
				"sender":	true
			}
		}, {
			"streams":	[{
					"socket":	5,
					"start":	1.000941,
					"end":	2.000848,
					"seconds":	0.99990701675415039,
					"bytes":	14417920,
					"bits_per_second":	115354085.99733804,
					"retransmits":	495,
					"snd_cwnd":	196928,
					"rtt":	36426,
					"rttvar":	413,
					"pmtu":	1500,
					"omitted":	false,
					"sender":	true
				}],
			"sum":	{
				"start":	1.000941,
				"end":	2.000848,
				"seconds":	0.99990701675415039,
				"bytes":	14417920,
				"bits_per_second":	115354085.99733804,
				"retransmits":	495,
				"omitted":	false,
				"sender":	true
			}
		}, {
			"streams":	[{
					"socket":	5,
					"start":	2.000848,
					"end":	3.001232,
					"seconds":	1.0003839731216431,
					"bytes":	2621440,
					"bits_per_second":	20963470.5907568,
					"retransmits":	27,
					"snd_cwnd":	52128,
					"rtt":	36728,
					"rttvar":	845,
					"pmtu":	1500,
					"omitted":	false,
					"sender":	true
				}],
			"sum":	{
				"start":	2.000848,
				"end":	3.001232,
				"seconds":	1.0003839731216431,
				"bytes":	2621440,
				"bits_per_second":	20963470.5907568,
				"retransmits":	27,
				"omitted":	false,
				"sender":	true
			}
		}, {
			"streams":	[{
					"socket":	5,
					"start":	3.001232,
					"end":	4.00032,
					"seconds":	0.99908798933029175,
					"bytes":	1310720,
					"bits_per_second":	10495331.854633555,
					"retransmits":	22,
					"snd_cwnd":	14480,
					"rtt":	36972,
					"rttvar":	708,
					"pmtu":	1500,
					"omitted":	false,
					"sender":	true
				}],
			"sum":	{
				"start":	3.001232,
				"end":	4.00032,
				"seconds":	0.99908798933029175,
				"bytes":	1310720,
				"bits_per_second":	10495331.854633555,
				"retransmits":	22,
				"omitted":	false,
				"sender":	true
			}
		}, {
			"streams":	[{
					"socket":	5,
					"start":	4.00032,
					"end":	5.001172,
					"seconds":	1.0008519887924194,
					"bytes":	0,
					"bits_per_second":	0,
					"retransmits":	4,
					"snd_cwnd":	21720,
					"rtt":	38304,
					"rttvar":	1210,
					"pmtu":	1500,
					"omitted":	false,
					"sender":	true
				}],
			"sum":	{
				"start":	4.00032,
				"end":	5.001172,
				"seconds":	1.0008519887924194,
				"bytes":	0,
				"bits_per_second":	0,
				"retransmits":	4,
				"omitted":	false,
				"sender":	true
			}
		}, {
			"streams":	[{
					"socket":	5,
					"start":	5.001172,
					"end":	6.001097,
					"seconds":	0.99992501735687256,
					"bytes":	1310720,
					"bits_per_second":	10486546.308959523,
					"retransmits":	7,
					"snd_cwnd":	1448,
					"rtt":	38221,
					"rttvar":	681,
					"pmtu":	1500,
					"omitted":	false,
					"sender":	true
				}],
			"sum":	{
				"start":	5.001172,
				"end":	6.001097,
				"seconds":	0.99992501735687256,
				"bytes":	1310720,
				"bits_per_second":	10486546.308959523,
				"retransmits":	7,
				"omitted":	false,
				"sender":	true
			}
		}, {
			"streams":	[{
					"socket":	5,
					"start":	6.001097,
					"end":	7.003828,
					"seconds":	1.0027309656143188,
					"bytes":	0,
					"bits_per_second":	0,
					"retransmits":	1,
					"snd_cwnd":	1448,
					"rtt":	38221,
					"rttvar":	681,
					"pmtu":	1500,
					"omitted":	false,
					"sender":	true
				}],
			"sum":	{
				"start":	6.001097,
				"end":	7.003828,
				"seconds":	1.0027309656143188,
				"bytes":	0,
				"bits_per_second":	0,
				"retransmits":	1,
				"omitted":	false,
				"sender":	true
			}
		}, {
			"streams":	[{
					"socket":	5,
					"start":	7.003828,
					"end":	8.001158,
					"seconds":	0.99733000993728638,
					"bytes":	0,
					"bits_per_second":	0,
					"retransmits":	1,
					"snd_cwnd":	1448,
					"rtt":	38221,
					"rttvar":	681,
					"pmtu":	1500,
					"omitted":	false,
					"sender":	true
				}],
			"sum":	{
				"start":	7.003828,
				"end":	8.001158,
				"seconds":	0.99733000993728638,
				"bytes":	0,
				"bits_per_second":	0,
				"retransmits":	1,
				"omitted":	false,
				"sender":	true
			}
		}, {
			"streams":	[{
					"socket":	5,
					"start":	8.001158,
					"end":	9.005204,
					"seconds":	1.0040459632873535,
					"bytes":	0,
					"bits_per_second":	0,
					"retransmits":	0,
					"snd_cwnd":	1448,
					"rtt":	38221,
					"rttvar":	681,
					"pmtu":	1500,
					"omitted":	false,
					"sender":	true
				}],
			"sum":	{
				"start":	8.001158,
				"end":	9.005204,
				"seconds":	1.0040459632873535,
				"bytes":	0,
				"bits_per_second":	0,
				"retransmits":	0,
				"omitted":	false,
				"sender":	true
			}
		}, {
			"streams":	[{
					"socket":	5,
					"start":	9.005204,
					"end":	10.003031,
					"seconds":	0.99782699346542358,
					"bytes":	0,
					"bits_per_second":	0,
					"retransmits":	1,
					"snd_cwnd":	1448,
					"rtt":	38221,
					"rttvar":	681,
					"pmtu":	1500,
					"omitted":	false,
					"sender":	true
				}],
			"sum":	{
				"start":	9.005204,
				"end":	10.003031,
				"seconds":	0.99782699346542358,
				"bytes":	0,
				"bits_per_second":	0,
				"retransmits":	1,
				"omitted":	false,
				"sender":	true
			}
		}, {
			"streams":	[{
					"socket":	5,
					"start":	10.003031,
					"end":	11.009548,
					"seconds":	1.0065170526504517,
					"bytes":	0,
					"bits_per_second":	0,
					"retransmits":	0,
					"snd_cwnd":	1448,
					"rtt":	38221,
					"rttvar":	681,
					"pmtu":	1500,
					"omitted":	false,
					"sender":	true
				}],
			"sum":	{
				"start":	10.003031,
				"end":	11.009548,
				"seconds":	1.0065170526504517,
				"bytes":	0,
				"bits_per_second":	0,
				"retransmits":	0,
				"omitted":	false,
				"sender":	true
			}
		}, {
			"streams":	[{
					"socket":	5,
					"start":	11.009548,
					"end":	12.006573,
					"seconds":	0.9970250129699707,
					"bytes":	0,
					"bits_per_second":	0,
					"retransmits":	0,
					"snd_cwnd":	1448,
					"rtt":	38221,
					"rttvar":	681,
					"pmtu":	1500,
					"omitted":	false,
					"sender":	true
				}],
			"sum":	{
				"start":	11.009548,
				"end":	12.006573,
				"seconds":	0.9970250129699707,
				"bytes":	0,
				"bits_per_second":	0,
				"retransmits":	0,
				"omitted":	false,
				"sender":	true
			}
		}, {
			"streams":	[{
					"socket":	5,
					"start":	12.006573,
					"end":	13.003886,
					"seconds":	0.99731302261352539,
					"bytes":	0,
					"bits_per_second":	0,
					"retransmits":	0,
					"snd_cwnd":	1448,
					"rtt":	38221,
					"rttvar":	681,
					"pmtu":	1500,
					"omitted":	false,
					"sender":	true
				}],
			"sum":	{
				"start":	12.006573,
				"end":	13.003886,
				"seconds":	0.99731302261352539,
				"bytes":	0,
				"bits_per_second":	0,
				"retransmits":	0,
				"omitted":	false,
				"sender":	true
			}
		}, {
			"streams":	[{
					"socket":	5,
					"start":	13.003886,