{
	"start":	{
		"connected":	[{
				"socket":	5,
				"local_host":	"10.1.0.225",
				"local_port":	50038,
				"remote_host":	"10.0.0.224",
				"remote_port":	5201
			}],
		"version":	"iperf 3.9",
		"system_info":	"Linux agsargsyan-VirtualBox 6.5.0-18-generic #18~22.04.1-Ubuntu SMP PREEMPT_DYNAMIC Wed Feb  7 11:40:03 UTC 2 x86_64",
		"timestamp":	{
			"time":	"Sun, 18 Feb 2024 13:19:14 GMT",
			"timesecs":	1708262354
		},
		"connecting_to":	{
			"host":	"10.0.0.224",
			"port":	5201
		},
		"cookie":	"ae4wypt6qbw6e56pz4w7xrl623btablmdx7k",
		"tcp_mss_default":	1448,
		"sock_bufsize":	16384,
		"sndbuf_actual":	32768,
		"rcvbuf_actual":	32768,
		"test_start":	{
			"protocol":	"TCP",
			"num_streams":	1,
			"blksize":	131072,
			"omit":	0,
			"duration":	26,
			"bytes":	0,
			"blocks":	0,
			"reverse":	0,
			"tos":	0
		}
	},
	"intervals":	[{
			"streams":	[{
					"socket":	5,
					"start":	0,
					"end":	1.000127,
					"seconds":	1.0001269578933716,
					"bytes":	396752,
					"bits_per_second":	3173613.0847683814,
					"retransmits":	0,
					"snd_cwnd":	28960,
					"rtt":	36138,
					"rttvar":	619,
					"pmtu":	1500,
					"omitted":	false,
					"sender":	true
				}],
			"sum":	{
				"start":	0,
				"end":	1.000127,
				"seconds":	1.0001269578933716,
				"bytes":	396752,
				"bits_per_second":	3173613.0847683814,
				"retransmits":	0,
				"omitted":	false,
				"sender":	true
			}
		}, {
			"streams":	[{
					"socket":	5,
					"start":	1.000127,
					"end":	2.00994,
					"seconds":	1.0098129510879517,
					"bytes":	390960,
					"bits_per_second":	3097286.4792735148,
					"retransmits":	0,
					"snd_cwnd":	28960,
					"rtt":	37354,
					"rttvar":	1020,
					"pmtu":	1500,
					"omitted":	false,
					"sender":	true
				}],
			"sum":	{
				"start":	1.000127,
				"end":	2.00994,
				"seconds":	1.0098129510879517,
				"bytes":	390960,
				"bits_per_second":	3097286.4792735148,
				"retransmits":	0,
				"omitted":	false,
				"sender":	true
			}
		}, {
			"streams":	[{
					"socket":	5,
					"start":	2.00994,
					"end":	3.000843,
					"seconds":	0.99090301990509033,
					"bytes":	376480,
					"bits_per_second":	3039490.18168143,
					"retransmits":	0,
					"snd_cwnd":	28960,
					"rtt":	37383,
					"rttvar":	919,
					"pmtu":	1500,
					"omitted":	false,
					"sender":	true
				}],
			"sum":	{
				"start":	2.00994,
				"end":	3.000843,
				"seconds":	0.99090301990509033,
				"bytes":	376480,
				"bits_per_second":	3039490.18168143,
				"retransmits":	0,
				"omitted":	false,
				"sender":	true
			}
		}, {
			"streams":	[{
					"socket":	5,
					"start":	3.000843,
					"end":	4.000381,
					"seconds":	0.999538004398346,
					"bytes":	376480,
					"bits_per_second":	3013232.0999769522,
					"retransmits":	0,
					"snd_cwnd":	28960,
					"rtt":	38166,
					"rttvar":	960,
					"pmtu":	1500,
					"omitted":	false,
					"sender":	true
				}],
			"sum":	{
				"start":	3.000843,
				"end":	4.000381,
				"seconds":	0.999538004398346,
				"bytes":	376480,
				"bits_per_second":	3013232.0999769522,
				"retransmits":	0,
				"omitted":	false,
				"sender":	true
			}
		}, {
			"streams":	[{
					"socket":	5,
					"start":	4.000381,
					"end":	5.003022,
					"seconds":	1.002640962600708,
					"bytes":	362000,
					"bits_per_second":	2888371.9177881861,
					"retransmits":	0,
					"snd_cwnd":	28960,
					"rtt":	37929,
					"rttvar":	893,
					"pmtu":	1500,
					"omitted":	false,
					"sender":	true
				}],
			"sum":	{
				"start":	4.000381,
				"end":	5.003022,
				"seconds":	1.002640962600708,
				"bytes":	362000,
				"bits_per_second":	2888371.9177881861,
				"retransmits":	0,
				"omitted":	false,
				"sender":	true
			}
		}, {
			"streams":	[{
					"socket":	5,
					"start":	5.003022,
					"end":	6.003057,
					"seconds":	1.0000350475311279,
					"bytes":	362000,
					"bits_per_second":	2895898.5059069707,
					"retransmits":	0,
					"snd_cwnd":	28960,
					"rtt":	42197,
					"rttvar":	4732,
					"pmtu":	1500,
					"omitted":	false,
					"sender":	true
				}],
			"sum":	{
				"start":	5.003022,
				"end":	6.003057,
				"seconds":	1.0000350475311279,
				"bytes":	362000,
				"bits_per_second":	2895898.5059069707,
				"retransmits":	0,
				"omitted":	false,
				"sender":	true
			}
		}, {
			"streams":	[{
					"socket":	5,
					"start":	6.003057,
					"end":	7.000072,
					"seconds":	0.99701499938964844,
					"bytes":	347520,
					"bits_per_second":	2788483.6253235461,
					"retransmits":	0,
					"snd_cwnd":	28960,
					"rtt":	40922,
					"rttvar":	1946,
					"pmtu":	1500,
					"omitted":	false,
					"sender":	true
				}],
			"sum":	{
				"start":	6.003057,
				"end":	7.000072,
				"seconds":	0.99701499938964844,
				"bytes":	347520,
				"bits_per_second":	2788483.6253235461,
				"retransmits":	0,
				"omitted":	false,
				"sender":	true
			}
		}, {
			"streams":	[{
					"socket":	5,
					"start":	7.000072,
					"end":	8.000603,
					"seconds":	1.0005309581756592,
					"bytes":	347520,
					"bits_per_second":	2778684.63467564,
					"retransmits":	0,
					"snd_cwnd":	28960,
					"rtt":	42308,
					"rttvar":	2167,
					"pmtu":	1500,
					"omitted":	false,
					"sender":	true
				}],
			"sum":	{
				"start":	7.000072,
				"end":	8.000603,
				"seconds":	1.0005309581756592,
				"bytes":	347520,
				"bits_per_second":	2778684.63467564,
				"retransmits":	0,
				"omitted":	false,
				"sender":	true
			}
		}, {
			"streams":	[{
					"socket":	5,
					"start":	8.000603,
					"end":	9.001509,
					"seconds":	1.0009059906005859,
					"bytes":	333040,
					"bits_per_second":	2661908.336067901,
					"retransmits":	0,
					"snd_cwnd":	28960,
					"rtt":	44136,
					"rttvar":	2093,
					"pmtu":	1500,
					"omitted":	false,
					"sender":	true
				}],
			"sum":	{
				"start":	8.000603,
				"end":	9.001509,
				"seconds":	1.0009059906005859,
				"bytes":	333040,
				"bits_per_second":	2661908.336067901,
				"retransmits":	0,
				"omitted":	false,
				"sender":	true
			}
		}, {
			"streams":	[{
					"socket":	5,
					"start":	9.001509,
					"end":	10.001104,
					"seconds":	0.99959498643875122,
					"bytes":	333040,
					"bits_per_second":	2665399.5229529422,
					"retransmits":	0,
					"snd_cwnd":	28960,
					"rtt":	41805,
					"rttvar":	4038,
					"pmtu":	1500,
					"omitted":	false,
					"sender":	true
				}],
			"sum":	{
				"start":	9.001509,
				"end":	10.001104,
				"seconds":	0.99959498643875122,
				"bytes":	333040,
				"bits_per_second":	2665399.5229529422,
				"retransmits":	0,
				"omitted":	false,
				"sender":	true
			}
		}, {
			"streams":	[{
					"socket":	5,
					"start":	10.001104,
					"end":	11.003408,
					"seconds":	1.0023039579391479,
					"bytes":	333040,
					"bits_per_second":	2658195.62907658,
					"retransmits":	0,
					"snd_cwnd":	28960,
					"rtt":	41280,
					"rttvar":	2773,
					"pmtu":	1500,
					"omitted":	false,
					"sender":	true
				}],
			"sum":	{
				"start":	10.001104,
				"end":	11.003408,
				"seconds":	1.0023039579391479,
				"bytes":	333040,
				"bits_per_second":	2658195.62907658,
				"retransmits":	0,
				"omitted":	false,
				"sender":	true
			}
		}, {
			"streams":	[{
					"socket":	5,
					"start":	11.003408,
					"end":	12.00754,
					"seconds":	1.0041320323944092,
					"bytes":	318560,
					"bits_per_second":	2537992.9309923579,
					"retransmits":	0,
					"snd_cwnd":	28960,
					"rtt":	45545,
					"rttvar":	16080,
					"pmtu":	1500,
					"omitted":	false,
					"sender":	true
				}],
			"sum":	{
				"start":	11.003408,
				"end":	12.00754,
				"seconds":	1.0041320323944092,
				"bytes":	318560,
				"bits_per_second":	2537992.9309923579,
				"retransmits":	0,
				"omitted":	false,
				"sender":	true
			}
		}, {
			"streams":	[{
					"socket":	5,
					"start":	12.00754,
					"end":	13.001522,
					"seconds":	0.99398201704025269,
					"bytes":	390960,
					"bits_per_second":	3146616.2831729986,
					"retransmits":	0,
					"snd_cwnd":	28960,
					"rtt":	36649,
					"rttvar":	507,
					"pmtu":	1500,
					"omitted":	false,