{
	"start":	{
		"connected":	[{
				"socket":	5,
				"local_host":	"10.1.0.239",
				"local_port":	35318,
				"remote_host":	"10.0.0.238",
				"remote_port":	5201
			}],
		"version":	"iperf 3.9",
		"system_info":	"Linux agsargsyan-VirtualBox 6.5.0-18-generic #18~22.04.1-Ubuntu SMP PREEMPT_DYNAMIC Wed Feb  7 11:40:03 UTC 2 x86_64",
		"timestamp":	{
			"time":	"Sun, 18 Feb 2024 13:19:14 GMT",
			"timesecs":	1708262354
		},
		"connecting_to":	{
			"host":	"10.0.0.238",
			"port":	5201
		},
		"cookie":	"f4a5roorzrwxsn2a3t5tq4qzba5euc6qnqnt",
		"tcp_mss_default":	1448,
		"sock_bufsize":	16384,
		"sndbuf_actual":	32768,
		"rcvbuf_actual":	32768,
		"test_start":	{
			"protocol":	"TCP",
			"num_streams":	1,
			"blksize":	131072,
			"omit":	0,
			"duration":	26,
			"bytes":	0,
			"blocks":	0,
			"reverse":	0,
			"tos":	0
		}
	},
	"intervals":	[{
			"streams":	[{
					"socket":	5,
					"start":	0,
					"end":	1.001378,
					"seconds":	1.001378059387207,
					"bytes":	389512,
					"bits_per_second":	3111807.7441270221,
					"retransmits":	0,
					"snd_cwnd":	28960,
					"rtt":	36666,
					"rttvar":	1094,
					"pmtu":	1500,
					"omitted":	false,
					"sender":	true
				}],
			"sum":	{
				"start":	0,
				"end":	1.001378,
				"seconds":	1.001378059387207,
				"bytes":	389512,
				"bits_per_second":	3111807.7441270221,
				"retransmits":	0,
				"omitted":	false,
				"sender":	true
			}
		}, {
			"streams":	[{
					"socket":	5,
					"start":	1.001378,
					"end":	2.000719,
					"seconds":	0.99934101104736328,
					"bytes":	376480,
					"bits_per_second":	3013826.07809063,
					"retransmits":	0,
					"snd_cwnd":	28960,
					"rtt":	37146,
					"rttvar":	1380,
					"pmtu":	1500,
					"omitted":	false,
					"sender":	true
				}],
			"sum":	{
				"start":	1.001378,
				"end":	2.000719,
				"seconds":	0.99934101104736328,
				"bytes":	376480,
				"bits_per_second":	3013826.07809063,
				"retransmits":	0,
				"omitted":	false,
				"sender":	true
			}
		}, {
			"streams":	[{
					"socket":	5,
					"start":	2.000719,
					"end":	3.002036,
					"seconds":	1.001317024230957,
					"bytes":	382272,
					"bits_per_second":	3054153.6056962335,
					"retransmits":	0,
					"snd_cwnd":	28960,
					"rtt":	37732,
					"rttvar":	813,
					"pmtu":	1500,
					"omitted":	false,
					"sender":	true
				}],
			"sum":	{
				"start":	2.000719,
				"end":	3.002036,
				"seconds":	1.001317024230957,
				"bytes":	382272,
				"bits_per_second":	3054153.6056962335,
				"retransmits":	0,
				"omitted":	false,
				"sender":	true
			}
		}, {
			"streams":	[{
					"socket":	5,
					"start":	3.002036,
					"end":	4.001373,
					"seconds":	0.99933701753616333,
					"bytes":	376480,
					"bits_per_second":	3013838.1218236117,
					"retransmits":	0,
					"snd_cwnd":	28960,
					"rtt":	38258,
					"rttvar":	1349,
					"pmtu":	1500,
					"omitted":	false,
					"sender":	true
				}],
			"sum":	{
				"start":	3.002036,
				"end":	4.001373,
				"seconds":	0.99933701753616333,
				"bytes":	376480,
				"bits_per_second":	3013838.1218236117,
				"retransmits":	0,
				"omitted":	false,
				"sender":	true
			}
		}, {
			"streams":	[{
					"socket":	5,
					"start":	4.001373,
					"end":	5.000792,
					"seconds":	0.99941897392272949,
					"bytes":	362000,
					"bits_per_second":	2897683.6297525661,
					"retransmits":	0,
					"snd_cwnd":	28960,
					"rtt":	37912,
					"rttvar":	1323,
					"pmtu":	1500,
					"omitted":	false,
					"sender":	true
				}],
			"sum":	{
				"start":	4.001373,
				"end":	5.000792,
				"seconds":	0.99941897392272949,
				"bytes":	362000,
				"bits_per_second":	2897683.6297525661,
				"retransmits":	0,
				"omitted":	false,
				"sender":	true
			}
		}, {
			"streams":	[{
					"socket":	5,
					"start":	5.000792,
					"end":	6.000823,
					"seconds":	1.0000309944152832,
					"bytes":	362000,
					"bits_per_second":	2895910.242955307,
					"retransmits":	0,
					"snd_cwnd":	28960,
					"rtt":	42166,
					"rttvar":	4488,
					"pmtu":	1500,
					"omitted":	false,
					"sender":	true
				}],
			"sum":	{
				"start":	5.000792,
				"end":	6.000823,
				"seconds":	1.0000309944152832,
				"bytes":	362000,
				"bits_per_second":	2895910.242955307,
				"retransmits":	0,
				"omitted":	false,
				"sender":	true
			}
		}, {
			"streams":	[{
					"socket":	5,
					"start":	6.000823,
					"end":	7.001109,
					"seconds":	1.0002859830856323,
					"bytes":	347520,
					"bits_per_second":	2779365.14857871,
					"retransmits":	0,
					"snd_cwnd":	28960,
					"rtt":	40145,
					"rttvar":	1956,
					"pmtu":	1500,
					"omitted":	false,
					"sender":	true
				}],
			"sum":	{
				"start":	6.000823,
				"end":	7.001109,
				"seconds":	1.0002859830856323,
				"bytes":	347520,
				"bits_per_second":	2779365.14857871,
				"retransmits":	0,
				"omitted":	false,
				"sender":	true
			}
		}, {
			"streams":	[{
					"socket":	5,
					"start":	7.001109,
					"end":	8.000414,
					"seconds":	0.999305009841919,
					"bytes":	347520,
					"bits_per_second":	2782093.5276205572,
					"retransmits":	0,
					"snd_cwnd":	28960,
					"rtt":	40971,
					"rttvar":	3271,
					"pmtu":	1500,
					"omitted":	false,
					"sender":	true
				}],
			"sum":	{
				"start":	7.001109,
				"end":	8.000414,
				"seconds":	0.999305009841919,
				"bytes":	347520,
				"bits_per_second":	2782093.5276205572,
				"retransmits":	0,
				"omitted":	false,
				"sender":	true
			}
		}, {
			"streams":	[{
					"socket":	5,
					"start":	8.000414,
					"end":	9.000273,
					"seconds":	0.99985897541046143,
					"bytes":	333040,
					"bits_per_second":	2664695.7876296956,
					"retransmits":	0,
					"snd_cwnd":	28960,
					"rtt":	44026,
					"rttvar":	2348,
					"pmtu":	1500,
					"omitted":	false,
					"sender":	true
				}],
			"sum":	{
				"start":	8.000414,
				"end":	9.000273,
				"seconds":	0.99985897541046143,
				"bytes":	333040,
				"bits_per_second":	2664695.7876296956,
				"retransmits":	0,
				"omitted":	false,
				"sender":	true
			}
		}, {
			"streams":	[{
					"socket":	5,
					"start":	9.000273,
					"end":	10.002137,
					"seconds":	1.001863956451416,
					"bytes":	333040,
					"bits_per_second":	2659363.0630619484,
					"retransmits":	0,
					"snd_cwnd":	28960,
					"rtt":	41891,
					"rttvar":	3834,
					"pmtu":	1500,
					"omitted":	false,
					"sender":	true
				}],
			"sum":	{
				"start":	9.000273,
				"end":	10.002137,
				"seconds":	1.001863956451416,
				"bytes":	333040,
				"bits_per_second":	2659363.0630619484,
				"retransmits":	0,
				"omitted":	false,
				"sender":	true
			}
		}, {
			"streams":	[{
					"socket":	5,
					"start":	10.002137,
					"end":	11.001303,
					"seconds":	0.99916601181030273,
					"bytes":	333040,
					"bits_per_second":	2666543.86609163,
					"retransmits":	0,
					"snd_cwnd":	28960,
					"rtt":	40729,
					"rttvar":	2517,
					"pmtu":	1500,
					"omitted":	false,
					"sender":	true
				}],
			"sum":	{
				"start":	10.002137,
				"end":	11.001303,
				"seconds":	0.99916601181030273,
				"bytes":	333040,
				"bits_per_second":	2666543.86609163,
				"retransmits":	0,
				"omitted":	false,
				"sender":	true
			}
		}, {
			"streams":	[{
					"socket":	5,
					"start":	11.001303,
					"end":	12.009531,
					"seconds":	1.0082279443740845,
					"bytes":	333040,
					"bits_per_second":	2642577.0232484778,
					"retransmits":	0,
					"snd_cwnd":	28960,
					"rtt":	45041,
					"rttvar":	12279,
					"pmtu":	1500,
					"omitted":	false,
					"sender":	true
				}],
			"sum":	{
				"start":	11.001303,
				"end":	12.009531,
				"seconds":	1.0082279443740845,
				"bytes":	333040,
				"bits_per_second":	2642577.0232484778,
				"retransmits":	0,
				"omitted":	false,
				"sender":	true
			}
		}, {
			"streams":	[{
					"socket":	5,
					"start":	12.009531,
					"end":	13.001195,
					"seconds":	0.99166399240493774,
					"bytes":	376480,
					"bits_per_second":	3037157.7702401238,
					"retransmits":	0,
					"snd_cwnd":	28960,
					"rtt":	36605,
					"rttvar":	625,
					"pmtu":	1500,
					"omitted":	false,