{
	"start":	{
		"connected":	[{
				"socket":	5,
				"local_host":	"10.0.0.239",
				"local_port":	40362,
				"remote_host":	"10.1.0.238",
				"remote_port":	5201
			}],
		"version":	"iperf 3.9",
		"system_info":	"Linux agsargsyan-VirtualBox 6.5.0-21-generic #21~22.04.1-Ubuntu SMP PREEMPT_DYNAMIC Fri Feb  9 13:32:52 UTC 2 x86_64",
		"timestamp":	{
			"time":	"Sun, 25 Feb 2024 14:10:49 GMT",
			"timesecs":	1708870249
		},
		"connecting_to":	{
			"host":	"10.1.0.238",
			"port":	5201
		},
		"cookie":	"da67azsgpv4c2gldssn2mrav2fmditqmgcsw",
		"tcp_mss_default":	1448,
		"sock_bufsize":	0,
		"sndbuf_actual":	87380,
		"rcvbuf_actual":	87380,
		"test_start":	{
			"protocol":	"TCP",
			"num_streams":	1,
			"blksize":	131072,
			"omit":	0,
			"duration":	26,
			"bytes":	0,
			"blocks":	0,
			"reverse":	0,
			"tos":	0
		}
	},
	"intervals":	[{
			"streams":	[{
					"socket":	5,
					"start":	0,
					"end":	1.000434,
					"seconds":	1.0004340410232544,
					"bytes":	46185696,
					"bits_per_second":	369325265.683769,
					"retransmits":	216,
					"snd_cwnd":	10136,
					"rtt":	36764,
					"rttvar":	585,
					"pmtu":	1500,
					"omitted":	false,
					"sender":	true
				}],
			"sum":	{
				"start":	0,
				"end":	1.000434,
				"seconds":	1.0004340410232544,
				"bytes":	46185696,
				"bits_per_second":	369325265.683769,
				"retransmits":	216,
				"omitted":	false,
				"sender":	true
			}
		}, {
			"streams":	[{
					"socket":	5,
					"start":	1.000434,
					"end":	2.001211,
					"seconds":	1.000777006149292,
					"bytes":	19660800,
					"bits_per_second":	157164282.38613692,
					"retransmits":	1391,
					"snd_cwnd":	9028280,
					"rtt":	39689,
					"rttvar":	391,
					"pmtu":	1500,
					"omitted":	false,
					"sender":	true
				}],
			"sum":	{
				"start":	1.000434,
				"end":	2.001211,
				"seconds":	1.000777006149292,
				"bytes":	19660800,
				"bits_per_second":	157164282.38613692,
				"retransmits":	1391,
				"omitted":	false,
				"sender":	true
			}
		}, {
			"streams":	[{
					"socket":	5,
					"start":	2.001211,
					"end":	3.000318,
					"seconds":	0.999107003211975,
					"bytes":	107479040,
					"bits_per_second":	860600833.78033745,
					"retransmits":	554,
					"snd_cwnd":	600920,
					"rtt":	36759,
					"rttvar":	832,
					"pmtu":	1500,
					"omitted":	false,
					"sender":	true
				}],
			"sum":	{
				"start":	2.001211,
				"end":	3.000318,
				"seconds":	0.999107003211975,
				"bytes":	107479040,
				"bits_per_second":	860600833.78033745,
				"retransmits":	554,
				"omitted":	false,
				"sender":	true
			}
		}, {
			"streams":	[{
					"socket":	5,
					"start":	3.000318,
					"end":	4.000983,
					"seconds":	1.0006649494171143,
					"bytes":	31457280,
					"bits_per_second":	251491011.198694,
					"retransmits":	327,
					"snd_cwnd":	267880,
					"rtt":	36585,
					"rttvar":	584,
					"pmtu":	1500,
					"omitted":	false,
					"sender":	true
				}],
			"sum":	{
				"start":	3.000318,
				"end":	4.000983,
				"seconds":	1.0006649494171143,
				"bytes":	31457280,
				"bits_per_second":	251491011.198694,
				"retransmits":	327,
				"omitted":	false,
				"sender":	true
			}
		}, {
			"streams":	[{
					"socket":	5,
					"start":	4.000983,
					"end":	5.007076,
					"seconds":	1.0060930252075195,
					"bytes":	3932160,
					"bits_per_second":	31266770.777494989,
					"retransmits":	23,
					"snd_cwnd":	104256,
					"rtt":	39230,
					"rttvar":	1202,
					"pmtu":	1500,
					"omitted":	false,
					"sender":	true
				}],
			"sum":	{
				"start":	4.000983,
				"end":	5.007076,
				"seconds":	1.0060930252075195,
				"bytes":	3932160,
				"bits_per_second":	31266770.777494989,
				"retransmits":	23,
				"omitted":	false,
				"sender":	true
			}
		}, {
			"streams":	[{
					"socket":	5,
					"start":	5.007076,
					"end":	6.000146,
					"seconds":	0.99307000637054443,
					"bytes":	1310720,
					"bits_per_second":	10558933.34078549,
					"retransmits":	29,
					"snd_cwnd":	1448,
					"rtt":	39367,
					"rttvar":	807,
					"pmtu":	1500,
					"omitted":	false,
					"sender":	true
				}],
			"sum":	{
				"start":	5.007076,
				"end":	6.000146,
				"seconds":	0.99307000637054443,
				"bytes":	1310720,
				"bits_per_second":	10558933.34078549,
				"retransmits":	29,
				"omitted":	false,
				"sender":	true
			}
		}, {
			"streams":	[{
					"socket":	5,
					"start":	6.000146,
					"end":	7.002785,
					"seconds":	1.0026390552520752,
					"bytes":	0,
					"bits_per_second":	0,
					"retransmits":	1,
					"snd_cwnd":	1448,
					"rtt":	39367,
					"rttvar":	807,
					"pmtu":	1500,
					"omitted":	false,
					"sender":	true
				}],
			"sum":	{
				"start":	6.000146,
				"end":	7.002785,
				"seconds":	1.0026390552520752,
				"bytes":	0,
				"bits_per_second":	0,
				"retransmits":	1,
				"omitted":	false,
				"sender":	true
			}
		}, {
			"streams":	[{
					"socket":	5,
					"start":	7.002785,
					"end":	8.003504,
					"seconds":	1.0007189512252808,
					"bytes":	0,
					"bits_per_second":	0,
					"retransmits":	1,
					"snd_cwnd":	1448,
					"rtt":	39367,
					"rttvar":	807,
					"pmtu":	1500,
					"omitted":	false,
					"sender":	true
				}],
			"sum":	{
				"start":	7.002785,
				"end":	8.003504,
				"seconds":	1.0007189512252808,
				"bytes":	0,
				"bits_per_second":	0,
				"retransmits":	1,
				"omitted":	false,
				"sender":	true
			}
		}, {
			"streams":	[{
					"socket":	5,
					"start":	8.003504,
					"end":	9.008129,
					"seconds":	1.0046249628067017,
					"bytes":	0,
					"bits_per_second":	0,
					"retransmits":	0,
					"snd_cwnd":	1448,
					"rtt":	39367,
					"rttvar":	807,
					"pmtu":	1500,
					"omitted":	false,
					"sender":	true
				}],
			"sum":	{
				"start":	8.003504,
				"end":	9.008129,
				"seconds":	1.0046249628067017,
				"bytes":	0,
				"bits_per_second":	0,
				"retransmits":	0,
				"omitted":	false,
				"sender":	true
			}
		}, {
			"streams":	[{
					"socket":	5,
					"start":	9.008129,
					"end":	10.002105,
					"seconds":	0.99397599697113037,
					"bytes":	0,
					"bits_per_second":	0,
					"retransmits":	1,
					"snd_cwnd":	1448,
					"rtt":	39367,
					"rttvar":	807,
					"pmtu":	1500,
					"omitted":	false,
					"sender":	true
				}],
			"sum":	{
				"start":	9.008129,
				"end":	10.002105,
				"seconds":	0.99397599697113037,
				"bytes":	0,
				"bits_per_second":	0,
				"retransmits":	1,
				"omitted":	false,
				"sender":	true
			}
		}, {
			"streams":	[{
					"socket":	5,
					"start":	10.002105,
					"end":	11.001446,
					"seconds":	0.99934101104736328,
					"bytes":	0,
					"bits_per_second":	0,
					"retransmits":	0,
					"snd_cwnd":	1448,
					"rtt":	39367,
					"rttvar":	807,
					"pmtu":	1500,
					"omitted":	false,
					"sender":	true
				}],
			"sum":	{
				"start":	10.002105,
				"end":	11.001446,
				"seconds":	0.99934101104736328,
				"bytes":	0,
				"bits_per_second":	0,
				"retransmits":	0,
				"omitted":	false,
				"sender":	true
			}
		}, {
			"streams":	[{
					"socket":	5,
					"start":	11.001446,
					"end":	12.004313,
					"seconds":	1.0028669834136963,
					"bytes":	0,
					"bits_per_second":	0,
					"retransmits":	0,
					"snd_cwnd":	1448,
					"rtt":	39367,
					"rttvar":	807,
					"pmtu":	1500,
					"omitted":	false,
					"sender":	true
				}],
			"sum":	{
				"start":	11.001446,
				"end":	12.004313,
				"seconds":	1.0028669834136963,
				"bytes":	0,
				"bits_per_second":	0,
				"retransmits":	0,
				"omitted":	false,
				"sender":	true
			}
		}, {
			"streams":	[{
					"socket":	5,
					"start":	12.004313,
					"end":	13.001685,
					"seconds":	0.99737197160720825,
					"bytes":	0,
					"bits_per_second":	0,
					"retransmits":	0,
					"snd_cwnd":	1448,
					"rtt":	39367,
					"rttvar":	807,
					"pmtu":	1500,
					"omitted":	false,
					"sender":	true
				}],
			"sum":	{
				"start":	12.004313,
				"end":	13.001685,
				"seconds":	0.99737197160720825,
				"bytes":	0,
				"bits_per_second":	0,
				"retransmits":	0,
				"omitted":	false,