{
	"start":	{
		"connected":	[{
				"socket":	5,
				"local_host":	"10.1.0.245",
				"local_port":	48670,
				"remote_host":	"10.0.0.244",
				"remote_port":	5201
			}],
		"version":	"iperf 3.9",
		"system_info":	"Linux agsargsyan-VirtualBox 6.5.0-18-generic #18~22.04.1-Ubuntu SMP PREEMPT_DYNAMIC Wed Feb  7 11:40:03 UTC 2 x86_64",
		"timestamp":	{
			"time":	"Sun, 18 Feb 2024 13:19:15 GMT",
			"timesecs":	1708262355
		},
		"connecting_to":	{
			"host":	"10.0.0.244",
			"port":	5201
		},
		"cookie":	"ghczxvnb35mx6hxbmurvz4tf64babvbemqwa",
		"tcp_mss_default":	1448,
		"sock_bufsize":	16384,
		"sndbuf_actual":	32768,
		"rcvbuf_actual":	32768,
		"test_start":	{
			"protocol":	"TCP",
			"num_streams":	1,
			"blksize":	131072,
			"omit":	0,
			"duration":	26,
			"bytes":	0,
			"blocks":	0,
			"reverse":	0,
			"tos":	0
		}
	},
	"intervals":	[{
			"streams":	[{
					"socket":	5,
					"start":	0,
					"end":	1.000181,
					"seconds":	1.0001809597015381,
					"bytes":	382272,
					"bits_per_second":	3057622.6935099661,
					"retransmits":	0,
					"snd_cwnd":	28960,
					"rtt":	39482,
					"rttvar":	2335,
					"pmtu":	1500,
					"omitted":	false,
					"sender":	true
				}],
			"sum":	{
				"start":	0,
				"end":	1.000181,
				"seconds":	1.0001809597015381,
				"bytes":	382272,
				"bits_per_second":	3057622.6935099661,
				"retransmits":	0,
				"omitted":	false,
				"sender":	true
			}
		}, {
			"streams":	[{
					"socket":	5,
					"start":	1.000181,
					"end":	2.001527,
					"seconds":	1.0013459920883179,
					"bytes":	376480,
					"bits_per_second":	3007791.5363887115,
					"retransmits":	0,
					"snd_cwnd":	28960,
					"rtt":	37925,
					"rttvar":	1025,
					"pmtu":	1500,
					"omitted":	false,
					"sender":	true
				}],
			"sum":	{
				"start":	1.000181,
				"end":	2.001527,
				"seconds":	1.0013459920883179,
				"bytes":	376480,
				"bits_per_second":	3007791.5363887115,
				"retransmits":	0,
				"omitted":	false,
				"sender":	true
			}
		}, {
			"streams":	[{
					"socket":	5,
					"start":	2.001527,
					"end":	3.000403,
					"seconds":	0.99887597560882568,
					"bytes":	376480,
					"bits_per_second":	3015229.19115584,
					"retransmits":	0,
					"snd_cwnd":	28960,
					"rtt":	38203,
					"rttvar":	2119,
					"pmtu":	1500,
					"omitted":	false,
					"sender":	true
				}],
			"sum":	{
				"start":	2.001527,
				"end":	3.000403,
				"seconds":	0.99887597560882568,
				"bytes":	376480,
				"bits_per_second":	3015229.19115584,
				"retransmits":	0,
				"omitted":	false,
				"sender":	true
			}
		}, {
			"streams":	[{
					"socket":	5,
					"start":	3.000403,
					"end":	4.000965,
					"seconds":	1.0005619525909424,
					"bytes":	376480,
					"bits_per_second":	3010148.4392854222,
					"retransmits":	0,
					"snd_cwnd":	28960,
					"rtt":	38595,
					"rttvar":	1545,
					"pmtu":	1500,
					"omitted":	false,
					"sender":	true
				}],
			"sum":	{
				"start":	3.000403,
				"end":	4.000965,
				"seconds":	1.0005619525909424,
				"bytes":	376480,
				"bits_per_second":	3010148.4392854222,
				"retransmits":	0,
				"omitted":	false,
				"sender":	true
			}
		}, {
			"streams":	[{
					"socket":	5,
					"start":	4.000965,
					"end":	5.001371,
					"seconds":	1.00040602684021,
					"bytes":	362000,
					"bits_per_second":	2894824.623505156,
					"retransmits":	0,
					"snd_cwnd":	28960,
					"rtt":	42033,
					"rttvar":	5660,
					"pmtu":	1500,
					"omitted":	false,
					"sender":	true
				}],
			"sum":	{
				"start":	4.000965,
				"end":	5.001371,
				"seconds":	1.00040602684021,
				"bytes":	362000,
				"bits_per_second":	2894824.623505156,
				"retransmits":	0,
				"omitted":	false,
				"sender":	true
			}
		}, {
			"streams":	[{
					"socket":	5,
					"start":	5.001371,
					"end":	6.000473,
					"seconds":	0.999101996421814,
					"bytes":	333040,
					"bits_per_second":	2666714.7193599865,
					"retransmits":	0,
					"snd_cwnd":	28960,
					"rtt":	44405,
					"rttvar":	2437,
					"pmtu":	1500,
					"omitted":	false,
					"sender":	true
				}],
			"sum":	{
				"start":	5.001371,
				"end":	6.000473,
				"seconds":	0.999101996421814,
				"bytes":	333040,
				"bits_per_second":	2666714.7193599865,
				"retransmits":	0,
				"omitted":	false,
				"sender":	true
			}
		}, {
			"streams":	[{
					"socket":	5,
					"start":	6.000473,
					"end":	7.000123,
					"seconds":	0.999650001525879,
					"bytes":	362000,
					"bits_per_second":	2897013.95046217,
					"retransmits":	0,
					"snd_cwnd":	28960,
					"rtt":	43493,
					"rttvar":	2421,
					"pmtu":	1500,
					"omitted":	false,
					"sender":	true
				}],
			"sum":	{
				"start":	6.000473,
				"end":	7.000123,
				"seconds":	0.999650001525879,
				"bytes":	362000,
				"bits_per_second":	2897013.95046217,
				"retransmits":	0,
				"omitted":	false,
				"sender":	true
			}
		}, {
			"streams":	[{
					"socket":	5,
					"start":	7.000123,
					"end":	8.000893,
					"seconds":	1.0007699728012085,
					"bytes":	318560,
					"bits_per_second":	2546519.2494401773,
					"retransmits":	0,
					"snd_cwnd":	28960,
					"rtt":	45389,
					"rttvar":	2297,
					"pmtu":	1500,
					"omitted":	false,
					"sender":	true
				}],
			"sum":	{
				"start":	7.000123,
				"end":	8.000893,
				"seconds":	1.0007699728012085,
				"bytes":	318560,
				"bits_per_second":	2546519.2494401773,
				"retransmits":	0,
				"omitted":	false,
				"sender":	true
			}
		}, {
			"streams":	[{
					"socket":	5,
					"start":	8.000893,
					"end":	9.001275,
					"seconds":	1.0003819465637207,
					"bytes":	347520,
					"bits_per_second":	2779098.5328651308,
					"retransmits":	0,
					"snd_cwnd":	28960,
					"rtt":	43608,
					"rttvar":	6290,
					"pmtu":	1500,
					"omitted":	false,
					"sender":	true
				}],
			"sum":	{
				"start":	8.000893,
				"end":	9.001275,
				"seconds":	1.0003819465637207,
				"bytes":	347520,
				"bits_per_second":	2779098.5328651308,
				"retransmits":	0,
				"omitted":	false,
				"sender":	true
			}
		}, {
			"streams":	[{
					"socket":	5,
					"start":	9.001275,
					"end":	10.009538,
					"seconds":	1.0082629919052124,
					"bytes":	333040,
					"bits_per_second":	2642485.166459898,
					"retransmits":	0,
					"snd_cwnd":	28960,
					"rtt":	44638,
					"rttvar":	2466,
					"pmtu":	1500,
					"omitted":	false,
					"sender":	true
				}],
			"sum":	{
				"start":	9.001275,
				"end":	10.009538,
				"seconds":	1.0082629919052124,
				"bytes":	333040,
				"bits_per_second":	2642485.166459898,
				"retransmits":	0,
				"omitted":	false,
				"sender":	true
			}
		}, {
			"streams":	[{
					"socket":	5,
					"start":	10.009538,
					"end":	11.000611,
					"seconds":	0.99107301235198975,
					"bytes":	318560,
					"bits_per_second":	2571435.1700002514,
					"retransmits":	0,
					"snd_cwnd":	28960,
					"rtt":	53505,
					"rttvar":	29394,
					"pmtu":	1500,
					"omitted":	false,
					"sender":	true
				}],
			"sum":	{
				"start":	10.009538,
				"end":	11.000611,
				"seconds":	0.99107301235198975,
				"bytes":	318560,
				"bits_per_second":	2571435.1700002514,
				"retransmits":	0,
				"omitted":	false,
				"sender":	true
			}
		}, {
			"streams":	[{
					"socket":	5,
					"start":	11.000611,
					"end":	12.000517,
					"seconds":	0.99990600347518921,
					"bytes":	376480,
					"bits_per_second":	3012123.1291064383,
					"retransmits":	0,
					"snd_cwnd":	28960,
					"rtt":	37117,
					"rttvar":	720,
					"pmtu":	1500,
					"omitted":	false,
					"sender":	true
				}],
			"sum":	{
				"start":	11.000611,
				"end":	12.000517,
				"seconds":	0.99990600347518921,
				"bytes":	376480,
				"bits_per_second":	3012123.1291064383,
				"retransmits":	0,
				"omitted":	false,
				"sender":	true
			}
		}, {
			"streams":	[{
					"socket":	5,
					"start":	12.000517,
					"end":	13.000061,
					"seconds":	0.99954402446746826,
					"bytes":	390960,
					"bits_per_second":	3129106.7961377176,
					"retransmits":	0,
					"snd_cwnd":	28960,
					"rtt":	36449,
					"rttvar":	364,
					"pmtu":	1500,
					"omitted":	false,