{
	"start":	{
		"connected":	[{
				"socket":	5,
				"local_host":	"10.0.0.245",
				"local_port":	43176,
				"remote_host":	"10.1.0.244",
				"remote_port":	5201
			}],
		"version":	"iperf 3.9",
		"system_info":	"Linux agsargsyan-VirtualBox 6.5.0-21-generic #21~22.04.1-Ubuntu SMP PREEMPT_DYNAMIC Fri Feb  9 13:32:52 UTC 2 x86_64",
		"timestamp":	{
			"time":	"Sun, 25 Feb 2024 14:10:49 GMT",
			"timesecs":	1708870249
		},
		"connecting_to":	{
			"host":	"10.1.0.244",
			"port":	5201
		},
		"cookie":	"rcdgy3jbtrtr7jxqycyltyrojg7qvv7maqj3",
		"tcp_mss_default":	1448,
		"sock_bufsize":	0,
		"sndbuf_actual":	87380,
		"rcvbuf_actual":	87380,
		"test_start":	{
			"protocol":	"TCP",
			"num_streams":	1,
			"blksize":	131072,
			"omit":	0,
			"duration":	26,
			"bytes":	0,
			"blocks":	0,
			"reverse":	0,
			"tos":	0
		}
	},
	"intervals":	[{
			"streams":	[{
					"socket":	5,
					"start":	0,
					"end":	1.002255,
					"seconds":	1.0022549629211426,
					"bytes":	32299736,
					"bits_per_second":	257816521.30400151,
					"retransmits":	1957,
					"snd_cwnd":	1323472,
					"rtt":	44534,
					"rttvar":	9339,
					"pmtu":	1500,
					"omitted":	false,
					"sender":	true
				}],
			"sum":	{
				"start":	0,
				"end":	1.002255,
				"seconds":	1.0022549629211426,
				"bytes":	32299736,
				"bits_per_second":	257816521.30400151,
				"retransmits":	1957,
				"omitted":	false,
				"sender":	true
			}
		}, {
			"streams":	[{
					"socket":	5,
					"start":	1.002255,
					"end":	2.000744,
					"seconds":	0.998489022254944,
					"bytes":	20971520,
					"bits_per_second":	168026043.6124883,
					"retransmits":	4066,
					"snd_cwnd":	311320,
					"rtt":	37132,
					"rttvar":	1402,
					"pmtu":	1500,
					"omitted":	false,
					"sender":	true
				}],
			"sum":	{
				"start":	1.002255,
				"end":	2.000744,
				"seconds":	0.998489022254944,
				"bytes":	20971520,
				"bits_per_second":	168026043.6124883,
				"retransmits":	4066,
				"omitted":	false,
				"sender":	true
			}
		}, {
			"streams":	[{
					"socket":	5,
					"start":	2.000744,
					"end":	3.000545,
					"seconds":	0.999800980091095,
					"bytes":	6553600,
					"bits_per_second":	52439236.452061735,
					"retransmits":	27,
					"snd_cwnd":	81088,
					"rtt":	36419,
					"rttvar":	869,
					"pmtu":	1500,
					"omitted":	false,
					"sender":	true
				}],
			"sum":	{
				"start":	2.000744,
				"end":	3.000545,
				"seconds":	0.999800980091095,
				"bytes":	6553600,
				"bits_per_second":	52439236.452061735,
				"retransmits":	27,
				"omitted":	false,
				"sender":	true
			}
		}, {
			"streams":	[{
					"socket":	5,
					"start":	3.000545,
					"end":	4.001343,
					"seconds":	1.0007979869842529,
					"bytes":	1310720,
					"bits_per_second":	10477399.171832055,
					"retransmits":	20,
					"snd_cwnd":	15928,
					"rtt":	37295,
					"rttvar":	672,
					"pmtu":	1500,
					"omitted":	false,
					"sender":	true
				}],
			"sum":	{
				"start":	3.000545,
				"end":	4.001343,
				"seconds":	1.0007979869842529,
				"bytes":	1310720,
				"bits_per_second":	10477399.171832055,
				"retransmits":	20,
				"omitted":	false,
				"sender":	true
			}
		}, {
			"streams":	[{
					"socket":	5,
					"start":	4.001343,
					"end":	5.00069,
					"seconds":	0.99934697151184082,
					"bytes":	1310720,
					"bits_per_second":	10492611.974534571,
					"retransmits":	0,
					"snd_cwnd":	36200,
					"rtt":	38023,
					"rttvar":	1154,
					"pmtu":	1500,
					"omitted":	false,
					"sender":	true
				}],
			"sum":	{
				"start":	4.001343,
				"end":	5.00069,
				"seconds":	0.99934697151184082,
				"bytes":	1310720,
				"bits_per_second":	10492611.974534571,
				"retransmits":	0,
				"omitted":	false,
				"sender":	true
			}
		}, {
			"streams":	[{
					"socket":	5,
					"start":	5.00069,
					"end":	6.001548,
					"seconds":	1.000857949256897,
					"bytes":	0,
					"bits_per_second":	0,
					"retransmits":	4,
					"snd_cwnd":	34752,
					"rtt":	37891,
					"rttvar":	945,
					"pmtu":	1500,
					"omitted":	false,
					"sender":	true
				}],
			"sum":	{
				"start":	5.00069,
				"end":	6.001548,
				"seconds":	1.000857949256897,
				"bytes":	0,
				"bits_per_second":	0,
				"retransmits":	4,
				"omitted":	false,
				"sender":	true
			}
		}, {
			"streams":	[{
					"socket":	5,
					"start":	6.001548,
					"end":	7.004808,
					"seconds":	1.0032600164413452,
					"bytes":	0,
					"bits_per_second":	0,
					"retransmits":	2,
					"snd_cwnd":	1448,
					"rtt":	37891,
					"rttvar":	945,
					"pmtu":	1500,
					"omitted":	false,
					"sender":	true
				}],
			"sum":	{
				"start":	6.001548,
				"end":	7.004808,
				"seconds":	1.0032600164413452,
				"bytes":	0,
				"bits_per_second":	0,
				"retransmits":	2,
				"omitted":	false,
				"sender":	true
			}
		}, {
			"streams":	[{
					"socket":	5,
					"start":	7.004808,
					"end":	8.005836,
					"seconds":	1.0010279417037964,
					"bytes":	0,
					"bits_per_second":	0,
					"retransmits":	1,
					"snd_cwnd":	1448,
					"rtt":	37891,
					"rttvar":	945,
					"pmtu":	1500,
					"omitted":	false,
					"sender":	true
				}],
			"sum":	{
				"start":	7.004808,
				"end":	8.005836,
				"seconds":	1.0010279417037964,
				"bytes":	0,
				"bits_per_second":	0,
				"retransmits":	1,
				"omitted":	false,
				"sender":	true
			}
		}, {
			"streams":	[{
					"socket":	5,
					"start":	8.005836,
					"end":	9.00859,
					"seconds":	1.0027539730072021,
					"bytes":	0,
					"bits_per_second":	0,
					"retransmits":	0,
					"snd_cwnd":	1448,
					"rtt":	37891,
					"rttvar":	945,
					"pmtu":	1500,
					"omitted":	false,
					"sender":	true
				}],
			"sum":	{
				"start":	8.005836,
				"end":	9.00859,
				"seconds":	1.0027539730072021,
				"bytes":	0,
				"bits_per_second":	0,
				"retransmits":	0,
				"omitted":	false,
				"sender":	true
			}
		}, {
			"streams":	[{
					"socket":	5,
					"start":	9.00859,
					"end":	10.002213,
					"seconds":	0.99362301826477051,
					"bytes":	0,
					"bits_per_second":	0,
					"retransmits":	1,
					"snd_cwnd":	1448,
					"rtt":	37891,
					"rttvar":	945,
					"pmtu":	1500,
					"omitted":	false,
					"sender":	true
				}],
			"sum":	{
				"start":	9.00859,
				"end":	10.002213,
				"seconds":	0.99362301826477051,
				"bytes":	0,
				"bits_per_second":	0,
				"retransmits":	1,
				"omitted":	false,
				"sender":	true
			}
		}, {
			"streams":	[{
					"socket":	5,
					"start":	10.002213,
					"end":	11.001898,
					"seconds":	0.999684989452362,
					"bytes":	0,
					"bits_per_second":	0,
					"retransmits":	0,
					"snd_cwnd":	1448,
					"rtt":	37891,
					"rttvar":	945,
					"pmtu":	1500,
					"omitted":	false,
					"sender":	true
				}],
			"sum":	{
				"start":	10.002213,
				"end":	11.001898,
				"seconds":	0.999684989452362,
				"bytes":	0,
				"bits_per_second":	0,
				"retransmits":	0,
				"omitted":	false,
				"sender":	true
			}
		}, {
			"streams":	[{
					"socket":	5,
					"start":	11.001898,
					"end":	12.00134,
					"seconds":	0.99944198131561279,
					"bytes":	0,
					"bits_per_second":	0,
					"retransmits":	0,
					"snd_cwnd":	1448,
					"rtt":	37891,
					"rttvar":	945,
					"pmtu":	1500,
					"omitted":	false,
					"sender":	true
				}],
			"sum":	{
				"start":	11.001898,
				"end":	12.00134,
				"seconds":	0.99944198131561279,
				"bytes":	0,
				"bits_per_second":	0,
				"retransmits":	0,
				"omitted":	false,
				"sender":	true
			}
		}, {
			"streams":	[{
					"socket":	5,
					"start":	12.00134,
					"end":	13.010086,
					"seconds":	1.0087460279464722,
					"bytes":	0,
					"bits_per_second":	0,
					"retransmits":	0,
					"snd_cwnd":	1448,
					"rtt":	37891,
					"rttvar":	945,
					"pmtu":	1500,
					"omitted":	false,
					"sender":	true
				}],
			"sum":	{
				"start":	12.00134,
				"end":	13.010086,
				"seconds":	1.0087460279464722,
				"bytes":	0,
				"bits_per_second":	0,
				"retransmits":	0,
				"omitted":	false,
				"sender":	true
			}
		}, {
			"streams":	[{
					"socket":	5,
					"start":	13.010086,
					"end":	14.010994,