{
	"start":	{
		"connected":	[{
				"socket":	5,
				"local_host":	"10.1.0.233",
				"local_port":	60184,
				"remote_host":	"10.0.0.232",
				"remote_port":	5201
			}],
		"version":	"iperf 3.9",
		"system_info":	"Linux agsargsyan-VirtualBox 6.5.0-18-generic #18~22.04.1-Ubuntu SMP PREEMPT_DYNAMIC Wed Feb  7 11:40:03 UTC 2 x86_64",
		"timestamp":	{
			"time":	"Sun, 18 Feb 2024 13:19:14 GMT",
			"timesecs":	1708262354
		},
		"connecting_to":	{
			"host":	"10.0.0.232",
			"port":	5201
		},
		"cookie":	"t27nrvcd7623f6geoxrgxpdjbdbwxzdhbzyg",
		"tcp_mss_default":	1448,
		"sock_bufsize":	16384,
		"sndbuf_actual":	32768,
		"rcvbuf_actual":	32768,
		"test_start":	{
			"protocol":	"TCP",
			"num_streams":	1,
			"blksize":	131072,
			"omit":	0,
			"duration":	26,
			"bytes":	0,
			"blocks":	0,
			"reverse":	0,
			"tos":	0
		}
	},
	"intervals":	[{
			"streams":	[{
					"socket":	5,
					"start":	0,
					"end":	1.001534,
					"seconds":	1.0015339851379395,
					"bytes":	395304,
					"bits_per_second":	3157588.30646615,
					"retransmits":	0,
					"snd_cwnd":	28960,
					"rtt":	36390,
					"rttvar":	1129,
					"pmtu":	1500,
					"omitted":	false,
					"sender":	true
				}],
			"sum":	{
				"start":	0,
				"end":	1.001534,
				"seconds":	1.0015339851379395,
				"bytes":	395304,
				"bits_per_second":	3157588.30646615,
				"retransmits":	0,
				"omitted":	false,
				"sender":	true
			}
		}, {
			"streams":	[{
					"socket":	5,
					"start":	1.001534,
					"end":	2.000146,
					"seconds":	0.99861198663711548,
					"bytes":	376480,
					"bits_per_second":	3016026.284786094,
					"retransmits":	0,
					"snd_cwnd":	28960,
					"rtt":	38459,
					"rttvar":	1605,
					"pmtu":	1500,
					"omitted":	false,
					"sender":	true
				}],
			"sum":	{
				"start":	1.001534,
				"end":	2.000146,
				"seconds":	0.99861198663711548,
				"bytes":	376480,
				"bits_per_second":	3016026.284786094,
				"retransmits":	0,
				"omitted":	false,
				"sender":	true
			}
		}, {
			"streams":	[{
					"socket":	5,
					"start":	2.000146,
					"end":	3.000925,
					"seconds":	1.0007790327072144,
					"bytes":	376480,
					"bits_per_second":	3009495.5045697256,
					"retransmits":	0,
					"snd_cwnd":	28960,
					"rtt":	38941,
					"rttvar":	2272,
					"pmtu":	1500,
					"omitted":	false,
					"sender":	true
				}],
			"sum":	{
				"start":	2.000146,
				"end":	3.000925,
				"seconds":	1.0007790327072144,
				"bytes":	376480,
				"bits_per_second":	3009495.5045697256,
				"retransmits":	0,
				"omitted":	false,
				"sender":	true
			}
		}, {
			"streams":	[{
					"socket":	5,
					"start":	3.000925,
					"end":	4.001862,
					"seconds":	1.0009369850158691,
					"bytes":	376480,
					"bits_per_second":	3009020.5927921119,
					"retransmits":	0,
					"snd_cwnd":	28960,
					"rtt":	37373,
					"rttvar":	1285,
					"pmtu":	1500,
					"omitted":	false,
					"sender":	true
				}],
			"sum":	{
				"start":	3.000925,
				"end":	4.001862,
				"seconds":	1.0009369850158691,
				"bytes":	376480,
				"bits_per_second":	3009020.5927921119,
				"retransmits":	0,
				"omitted":	false,
				"sender":	true
			}
		}, {
			"streams":	[{
					"socket":	5,
					"start":	4.001862,
					"end":	5.004782,
					"seconds":	1.0029200315475464,
					"bytes":	376480,
					"bits_per_second":	3003070.9381211665,
					"retransmits":	0,
					"snd_cwnd":	28960,
					"rtt":	37857,
					"rttvar":	817,
					"pmtu":	1500,
					"omitted":	false,
					"sender":	true
				}],
			"sum":	{
				"start":	4.001862,
				"end":	5.004782,
				"seconds":	1.0029200315475464,
				"bytes":	376480,
				"bits_per_second":	3003070.9381211665,
				"retransmits":	0,
				"omitted":	false,
				"sender":	true
			}
		}, {
			"streams":	[{
					"socket":	5,
					"start":	5.004782,
					"end":	6.000643,
					"seconds":	0.995860993862152,
					"bytes":	347520,
					"bits_per_second":	2791714.9252105681,
					"retransmits":	0,
					"snd_cwnd":	28960,
					"rtt":	41262,
					"rttvar":	3770,
					"pmtu":	1500,
					"omitted":	false,
					"sender":	true
				}],
			"sum":	{
				"start":	5.004782,
				"end":	6.000643,
				"seconds":	0.995860993862152,
				"bytes":	347520,
				"bits_per_second":	2791714.9252105681,
				"retransmits":	0,
				"omitted":	false,
				"sender":	true
			}
		}, {
			"streams":	[{
					"socket":	5,
					"start":	6.000643,
					"end":	7.000117,
					"seconds":	0.99947398900985718,
					"bytes":	347520,
					"bits_per_second":	2781623.1643548864,
					"retransmits":	0,
					"snd_cwnd":	28960,
					"rtt":	41322,
					"rttvar":	4005,
					"pmtu":	1500,
					"omitted":	false,
					"sender":	true
				}],
			"sum":	{
				"start":	6.000643,
				"end":	7.000117,
				"seconds":	0.99947398900985718,
				"bytes":	347520,
				"bits_per_second":	2781623.1643548864,
				"retransmits":	0,
				"omitted":	false,
				"sender":	true
			}
		}, {
			"streams":	[{
					"socket":	5,
					"start":	7.000117,
					"end":	8.000186,
					"seconds":	1.00006902217865,
					"bytes":	362000,
					"bits_per_second":	2895800.1255663987,
					"retransmits":	0,
					"snd_cwnd":	28960,
					"rtt":	41167,
					"rttvar":	2053,
					"pmtu":	1500,
					"omitted":	false,
					"sender":	true
				}],
			"sum":	{
				"start":	7.000117,
				"end":	8.000186,
				"seconds":	1.00006902217865,
				"bytes":	362000,
				"bits_per_second":	2895800.1255663987,
				"retransmits":	0,
				"omitted":	false,
				"sender":	true
			}
		}, {
			"streams":	[{
					"socket":	5,
					"start":	8.000186,
					"end":	9.002343,
					"seconds":	1.0021569728851318,
					"bytes":	333040,
					"bits_per_second":	2658585.503156886,
					"retransmits":	0,
					"snd_cwnd":	28960,
					"rtt":	44527,
					"rttvar":	2481,
					"pmtu":	1500,
					"omitted":	false,
					"sender":	true
				}],
			"sum":	{
				"start":	8.000186,
				"end":	9.002343,
				"seconds":	1.0021569728851318,
				"bytes":	333040,
				"bits_per_second":	2658585.503156886,
				"retransmits":	0,
				"omitted":	false,
				"sender":	true
			}
		}, {
			"streams":	[{
					"socket":	5,
					"start":	9.002343,
					"end":	10.000414,
					"seconds":	0.998071014881134,
					"bytes":	333040,
					"bits_per_second":	2669469.3666836014,
					"retransmits":	0,
					"snd_cwnd":	28960,
					"rtt":	43426,
					"rttvar":	4036,
					"pmtu":	1500,
					"omitted":	false,
					"sender":	true
				}],
			"sum":	{
				"start":	9.002343,
				"end":	10.000414,
				"seconds":	0.998071014881134,
				"bytes":	333040,
				"bits_per_second":	2669469.3666836014,
				"retransmits":	0,
				"omitted":	false,
				"sender":	true
			}
		}, {
			"streams":	[{
					"socket":	5,
					"start":	10.000414,
					"end":	11.005839,
					"seconds":	1.005424976348877,
					"bytes":	333040,
					"bits_per_second":	2649944.1158456914,
					"retransmits":	0,
					"snd_cwnd":	28960,
					"rtt":	42745,
					"rttvar":	2284,
					"pmtu":	1500,
					"omitted":	false,
					"sender":	true
				}],
			"sum":	{
				"start":	10.000414,
				"end":	11.005839,
				"seconds":	1.005424976348877,
				"bytes":	333040,
				"bits_per_second":	2649944.1158456914,
				"retransmits":	0,
				"omitted":	false,
				"sender":	true
			}
		}, {
			"streams":	[{
					"socket":	5,
					"start":	11.005839,
					"end":	12.000652,
					"seconds":	0.99481302499771118,
					"bytes":	318560,
					"bits_per_second":	2561767.8256734358,
					"retransmits":	0,
					"snd_cwnd":	28960,
					"rtt":	49335,
					"rttvar":	22970,
					"pmtu":	1500,
					"omitted":	false,
					"sender":	true
				}],
			"sum":	{
				"start":	11.005839,
				"end":	12.000652,
				"seconds":	0.99481302499771118,
				"bytes":	318560,
				"bits_per_second":	2561767.8256734358,
				"retransmits":	0,
				"omitted":	false,
				"sender":	true
			}
		}, {
			"streams":	[{
					"socket":	5,
					"start":	12.000652,
					"end":	13.000333,
					"seconds":	0.999680995941162,
					"bytes":	390960,
					"bits_per_second":	3128678.0610002563,
					"retransmits":	0,
					"snd_cwnd":	28960,
					"rtt":	36694,
					"rttvar":	664,
					"pmtu":	1500,
					"omitted":	false,