{
	"start":	{
		"connected":	[{
				"socket":	5,
				"local_host":	"10.0.0.233",
				"local_port":	51416,
				"remote_host":	"10.1.0.232",
				"remote_port":	5201
			}],
		"version":	"iperf 3.9",
		"system_info":	"Linux agsargsyan-VirtualBox 6.5.0-21-generic #21~22.04.1-Ubuntu SMP PREEMPT_DYNAMIC Fri Feb  9 13:32:52 UTC 2 x86_64",
		"timestamp":	{
			"time":	"Sun, 25 Feb 2024 14:10:49 GMT",
			"timesecs":	1708870249
		},
		"connecting_to":	{
			"host":	"10.1.0.232",
			"port":	5201
		},
		"cookie":	"edytij7fsigjd6lmc46jfweyy43zwqix6pht",
		"tcp_mss_default":	1448,
		"sock_bufsize":	0,
		"sndbuf_actual":	87380,
		"rcvbuf_actual":	87380,
		"test_start":	{
			"protocol":	"TCP",
			"num_streams":	1,
			"blksize":	131072,
			"omit":	0,
			"duration":	26,
			"bytes":	0,
			"blocks":	0,
			"reverse":	0,
			"tos":	0
		}
	},
	"intervals":	[{
			"streams":	[{
					"socket":	5,
					"start":	0,
					"end":	1.000121,
					"seconds":	1.000120997428894,
					"bytes":	30903584,
					"bits_per_second":	247198761.58542237,
					"retransmits":	1059,
					"snd_cwnd":	1448,
					"rtt":	37971,
					"rttvar":	579,
					"pmtu":	1500,
					"omitted":	false,
					"sender":	true
				}],
			"sum":	{
				"start":	0,
				"end":	1.000121,
				"seconds":	1.000120997428894,
				"bytes":	30903584,
				"bits_per_second":	247198761.58542237,
				"retransmits":	1059,
				"omitted":	false,
				"sender":	true
			}
		}, {
			"streams":	[{
					"socket":	5,
					"start":	1.000121,
					"end":	2.000463,
					"seconds":	1.0003420114517212,
					"bytes":	17039360,
					"bits_per_second":	136268274.68954989,
					"retransmits":	3289,
					"snd_cwnd":	211408,
					"rtt":	39078,
					"rttvar":	866,
					"pmtu":	1500,
					"omitted":	false,
					"sender":	true
				}],
			"sum":	{
				"start":	1.000121,
				"end":	2.000463,
				"seconds":	1.0003420114517212,
				"bytes":	17039360,
				"bits_per_second":	136268274.68954989,
				"retransmits":	3289,
				"omitted":	false,
				"sender":	true
			}
		}, {
			"streams":	[{
					"socket":	5,
					"start":	2.000463,
					"end":	3.000441,
					"seconds":	0.999978005886078,
					"bytes":	3932160,
					"bits_per_second":	31457971.890217513,
					"retransmits":	34,
					"snd_cwnd":	78192,
					"rtt":	36092,
					"rttvar":	341,
					"pmtu":	1500,
					"omitted":	false,
					"sender":	true
				}],
			"sum":	{
				"start":	2.000463,
				"end":	3.000441,
				"seconds":	0.999978005886078,
				"bytes":	3932160,
				"bits_per_second":	31457971.890217513,
				"retransmits":	34,
				"omitted":	false,
				"sender":	true
			}
		}, {
			"streams":	[{
					"socket":	5,
					"start":	3.000441,
					"end":	4.000527,
					"seconds":	1.0000859498977661,
					"bytes":	1310720,
					"bits_per_second":	10484858.827455688,
					"retransmits":	14,
					"snd_cwnd":	24616,
					"rtt":	36899,
					"rttvar":	310,
					"pmtu":	1500,
					"omitted":	false,
					"sender":	true
				}],
			"sum":	{
				"start":	3.000441,
				"end":	4.000527,
				"seconds":	1.0000859498977661,
				"bytes":	1310720,
				"bits_per_second":	10484858.827455688,
				"retransmits":	14,
				"omitted":	false,
				"sender":	true
			}
		}, {
			"streams":	[{
					"socket":	5,
					"start":	4.000527,
					"end":	5.001729,
					"seconds":	1.0012019872665405,
					"bytes":	1310720,
					"bits_per_second":	10473171.381359309,
					"retransmits":	0,
					"snd_cwnd":	41992,
					"rtt":	38203,
					"rttvar":	2157,
					"pmtu":	1500,
					"omitted":	false,
					"sender":	true
				}],
			"sum":	{
				"start":	4.000527,
				"end":	5.001729,
				"seconds":	1.0012019872665405,
				"bytes":	1310720,
				"bits_per_second":	10473171.381359309,
				"retransmits":	0,
				"omitted":	false,
				"sender":	true
			}
		}, {
			"streams":	[{
					"socket":	5,
					"start":	5.001729,
					"end":	6.001228,
					"seconds":	0.999499022960663,
					"bytes":	0,
					"bits_per_second":	0,
					"retransmits":	11,
					"snd_cwnd":	17376,
					"rtt":	38333,
					"rttvar":	653,
					"pmtu":	1500,
					"omitted":	false,
					"sender":	true
				}],
			"sum":	{
				"start":	5.001729,
				"end":	6.001228,
				"seconds":	0.999499022960663,
				"bytes":	0,
				"bits_per_second":	0,
				"retransmits":	11,
				"omitted":	false,
				"sender":	true
			}
		}, {
			"streams":	[{
					"socket":	5,
					"start":	6.001228,
					"end":	7.001631,
					"seconds":	1.0004030466079712,
					"bytes":	0,
					"bits_per_second":	0,
					"retransmits":	2,
					"snd_cwnd":	1448,
					"rtt":	38333,
					"rttvar":	653,
					"pmtu":	1500,
					"omitted":	false,
					"sender":	true
				}],
			"sum":	{
				"start":	6.001228,
				"end":	7.001631,
				"seconds":	1.0004030466079712,
				"bytes":	0,
				"bits_per_second":	0,
				"retransmits":	2,
				"omitted":	false,
				"sender":	true
			}
		}, {
			"streams":	[{
					"socket":	5,
					"start":	7.001631,
					"end":	8.001446,
					"seconds":	0.99981498718261719,
					"bytes":	0,
					"bits_per_second":	0,
					"retransmits":	1,
					"snd_cwnd":	1448,
					"rtt":	38333,
					"rttvar":	653,
					"pmtu":	1500,
					"omitted":	false,
					"sender":	true
				}],
			"sum":	{
				"start":	7.001631,
				"end":	8.001446,
				"seconds":	0.99981498718261719,
				"bytes":	0,
				"bits_per_second":	0,
				"retransmits":	1,
				"omitted":	false,
				"sender":	true
			}
		}, {
			"streams":	[{
					"socket":	5,
					"start":	8.001446,
					"end":	9.007846,
					"seconds":	1.0063999891281128,
					"bytes":	0,
					"bits_per_second":	0,
					"retransmits":	0,
					"snd_cwnd":	1448,
					"rtt":	38333,
					"rttvar":	653,
					"pmtu":	1500,
					"omitted":	false,
					"sender":	true
				}],
			"sum":	{
				"start":	8.001446,
				"end":	9.007846,
				"seconds":	1.0063999891281128,
				"bytes":	0,
				"bits_per_second":	0,
				"retransmits":	0,
				"omitted":	false,
				"sender":	true
			}
		}, {
			"streams":	[{
					"socket":	5,
					"start":	9.007846,
					"end":	10.00119,
					"seconds":	0.993344008922577,
					"bytes":	0,
					"bits_per_second":	0,
					"retransmits":	1,
					"snd_cwnd":	1448,
					"rtt":	38333,
					"rttvar":	653,
					"pmtu":	1500,
					"omitted":	false,
					"sender":	true
				}],
			"sum":	{
				"start":	9.007846,
				"end":	10.00119,
				"seconds":	0.993344008922577,
				"bytes":	0,
				"bits_per_second":	0,
				"retransmits":	1,
				"omitted":	false,
				"sender":	true
			}
		}, {
			"streams":	[{
					"socket":	5,
					"start":	10.00119,
					"end":	11.001149,
					"seconds":	0.99995899200439453,
					"bytes":	0,
					"bits_per_second":	0,
					"retransmits":	0,
					"snd_cwnd":	1448,
					"rtt":	38333,
					"rttvar":	653,
					"pmtu":	1500,
					"omitted":	false,
					"sender":	true
				}],
			"sum":	{
				"start":	10.00119,
				"end":	11.001149,
				"seconds":	0.99995899200439453,
				"bytes":	0,
				"bits_per_second":	0,
				"retransmits":	0,
				"omitted":	false,
				"sender":	true
			}
		}, {
			"streams":	[{
					"socket":	5,
					"start":	11.001149,
					"end":	12.000827,
					"seconds":	0.99967801570892334,
					"bytes":	0,
					"bits_per_second":	0,
					"retransmits":	0,
					"snd_cwnd":	1448,
					"rtt":	38333,
					"rttvar":	653,
					"pmtu":	1500,
					"omitted":	false,
					"sender":	true
				}],
			"sum":	{
				"start":	11.001149,
				"end":	12.000827,
				"seconds":	0.99967801570892334,
				"bytes":	0,
				"bits_per_second":	0,
				"retransmits":	0,
				"omitted":	false,
				"sender":	true
			}
		}, {
			"streams":	[{
					"socket":	5,
					"start":	12.000827,
					"end":	13.001541,
					"seconds":	1.0007139444351196,
					"bytes":	0,
					"bits_per_second":	0,
					"retransmits":	0,
					"snd_cwnd":	1448,
					"rtt":	38333,
					"rttvar":	653,
					"pmtu":	1500,
					"omitted":	false,
					"sender":	true
				}],
			"sum":	{
				"start":	12.000827,
				"end":	13.001541,
				"seconds":	1.0007139444351196,
				"bytes":	0,
				"bits_per_second":	0,
				"retransmits":	0,
				"omitted":	false,
				"sender":	true
			}
		}, {
			"streams":	[{
					"socket":	5,
					"start":	13.001541,
					"end":	14.002485,