{
	"start":	{
		"connected":	[{
				"socket":	5,
				"local_host":	"10.0.0.235",
				"local_port":	46750,
				"remote_host":	"10.1.0.234",
				"remote_port":	5201
			}],
		"version":	"iperf 3.9",
		"system_info":	"Linux agsargsyan-VirtualBox 6.5.0-21-generic #21~22.04.1-Ubuntu SMP PREEMPT_DYNAMIC Fri Feb  9 13:32:52 UTC 2 x86_64",
		"timestamp":	{
			"time":	"Sun, 25 Feb 2024 14:10:49 GMT",
			"timesecs":	1708870249
		},
		"connecting_to":	{
			"host":	"10.1.0.234",
			"port":	5201
		},
		"cookie":	"bnkpk26tdgtkqwf5owtcnxh3w5lkk33ptih3",
		"tcp_mss_default":	1448,
		"sock_bufsize":	0,
		"sndbuf_actual":	87380,
		"rcvbuf_actual":	87380,
		"test_start":	{
			"protocol":	"TCP",
			"num_streams":	1,
			"blksize":	131072,
			"omit":	0,
			"duration":	26,
			"bytes":	0,
			"blocks":	0,
			"reverse":	0,
			"tos":	0
		}
	},
	"intervals":	[{
			"streams":	[{
					"socket":	5,
					"start":	0,
					"end":	1.000085,
					"seconds":	1.00008499622345,
					"bytes":	58574496,
					"bits_per_second":	468556142.49741358,
					"retransmits":	711,
					"snd_cwnd":	2282048,
					"rtt":	37018,
					"rttvar":	576,
					"pmtu":	1500,
					"omitted":	false,
					"sender":	true
				}],
			"sum":	{
				"start":	0,
				"end":	1.000085,
				"seconds":	1.00008499622345,
				"bytes":	58574496,
				"bits_per_second":	468556142.49741358,
				"retransmits":	711,
				"omitted":	false,
				"sender":	true
			}
		}, {
			"streams":	[{
					"socket":	5,
					"start":	1.000085,
					"end":	2.000925,
					"seconds":	1.0008399486541748,
					"bytes":	55050240,
					"bits_per_second":	440032315.44884533,
					"retransmits":	2191,
					"snd_cwnd":	1511712,
					"rtt":	36576,
					"rttvar":	296,
					"pmtu":	1500,
					"omitted":	false,
					"sender":	true
				}],
			"sum":	{
				"start":	1.000085,
				"end":	2.000925,
				"seconds":	1.0008399486541748,
				"bytes":	55050240,
				"bits_per_second":	440032315.44884533,
				"retransmits":	2191,
				"omitted":	false,
				"sender":	true
			}
		}, {
			"streams":	[{
					"socket":	5,
					"start":	2.000925,
					"end":	3.000126,
					"seconds":	0.999200999736786,
					"bytes":	30146560,
					"bits_per_second":	241365330.96297017,
					"retransmits":	284,
					"snd_cwnd":	264984,
					"rtt":	36976,
					"rttvar":	636,
					"pmtu":	1500,
					"omitted":	false,
					"sender":	true
				}],
			"sum":	{
				"start":	2.000925,
				"end":	3.000126,
				"seconds":	0.999200999736786,
				"bytes":	30146560,
				"bits_per_second":	241365330.96297017,
				"retransmits":	284,
				"omitted":	false,
				"sender":	true
			}
		}, {
			"streams":	[{
					"socket":	5,
					"start":	3.000126,
					"end":	4.000778,
					"seconds":	1.0006519556045532,
					"bytes":	5242880,
					"bits_per_second":	41915712.8161107,
					"retransmits":	49,
					"snd_cwnd":	69504,
					"rtt":	36472,
					"rttvar":	777,
					"pmtu":	1500,
					"omitted":	false,
					"sender":	true
				}],
			"sum":	{
				"start":	3.000126,
				"end":	4.000778,
				"seconds":	1.0006519556045532,
				"bytes":	5242880,
				"bits_per_second":	41915712.8161107,
				"retransmits":	49,
				"omitted":	false,
				"sender":	true
			}
		}, {
			"streams":	[{
					"socket":	5,
					"start":	4.000778,
					"end":	5.000663,
					"seconds":	0.99988502264022827,
					"bytes":	1310720,
					"bits_per_second":	10486965.76363552,
					"retransmits":	3,
					"snd_cwnd":	47784,
					"rtt":	38412,
					"rttvar":	845,
					"pmtu":	1500,
					"omitted":	false,
					"sender":	true
				}],
			"sum":	{
				"start":	4.000778,
				"end":	5.000663,
				"seconds":	0.99988502264022827,
				"bytes":	1310720,
				"bits_per_second":	10486965.76363552,
				"retransmits":	3,
				"omitted":	false,
				"sender":	true
			}
		}, {
			"streams":	[{
					"socket":	5,
					"start":	5.000663,
					"end":	6.001569,
					"seconds":	1.0009059906005859,
					"bytes":	0,
					"bits_per_second":	0,
					"retransmits":	10,
					"snd_cwnd":	20272,
					"rtt":	38443,
					"rttvar":	1325,
					"pmtu":	1500,
					"omitted":	false,
					"sender":	true
				}],
			"sum":	{
				"start":	5.000663,
				"end":	6.001569,
				"seconds":	1.0009059906005859,
				"bytes":	0,
				"bits_per_second":	0,
				"retransmits":	10,
				"omitted":	false,
				"sender":	true
			}
		}, {
			"streams":	[{
					"socket":	5,
					"start":	6.001569,
					"end":	7.000815,
					"seconds":	0.99924600124359131,
					"bytes":	0,
					"bits_per_second":	0,
					"retransmits":	2,
					"snd_cwnd":	1448,
					"rtt":	38443,
					"rttvar":	1325,
					"pmtu":	1500,
					"omitted":	false,
					"sender":	true
				}],
			"sum":	{
				"start":	6.001569,
				"end":	7.000815,
				"seconds":	0.99924600124359131,
				"bytes":	0,
				"bits_per_second":	0,
				"retransmits":	2,
				"omitted":	false,
				"sender":	true
			}
		}, {
			"streams":	[{
					"socket":	5,
					"start":	7.000815,
					"end":	8.00109,
					"seconds":	1.0002750158309937,
					"bytes":	0,
					"bits_per_second":	0,
					"retransmits":	1,
					"snd_cwnd":	1448,
					"rtt":	38443,
					"rttvar":	1325,
					"pmtu":	1500,
					"omitted":	false,
					"sender":	true
				}],
			"sum":	{
				"start":	7.000815,
				"end":	8.00109,
				"seconds":	1.0002750158309937,
				"bytes":	0,
				"bits_per_second":	0,
				"retransmits":	1,
				"omitted":	false,
				"sender":	true
			}
		}, {
			"streams":	[{
					"socket":	5,
					"start":	8.00109,
					"end":	9.003019,
					"seconds":	1.0019290447235107,
					"bytes":	0,
					"bits_per_second":	0,
					"retransmits":	0,
					"snd_cwnd":	1448,
					"rtt":	38443,
					"rttvar":	1325,
					"pmtu":	1500,
					"omitted":	false,
					"sender":	true
				}],
			"sum":	{
				"start":	8.00109,
				"end":	9.003019,
				"seconds":	1.0019290447235107,
				"bytes":	0,
				"bits_per_second":	0,
				"retransmits":	0,
				"omitted":	false,
				"sender":	true
			}
		}, {
			"streams":	[{
					"socket":	5,
					"start":	9.003019,
					"end":	10.001304,
					"seconds":	0.99828499555587769,
					"bytes":	0,
					"bits_per_second":	0,
					"retransmits":	1,
					"snd_cwnd":	1448,
					"rtt":	38443,
					"rttvar":	1325,
					"pmtu":	1500,
					"omitted":	false,
					"sender":	true
				}],
			"sum":	{
				"start":	9.003019,
				"end":	10.001304,
				"seconds":	0.99828499555587769,
				"bytes":	0,
				"bits_per_second":	0,
				"retransmits":	1,
				"omitted":	false,
				"sender":	true
			}
		}, {
			"streams":	[{
					"socket":	5,
					"start":	10.001304,
					"end":	11.002245,
					"seconds":	1.0009410381317139,
					"bytes":	0,
					"bits_per_second":	0,
					"retransmits":	0,
					"snd_cwnd":	1448,
					"rtt":	38443,
					"rttvar":	1325,
					"pmtu":	1500,
					"omitted":	false,
					"sender":	true
				}],
			"sum":	{
				"start":	10.001304,
				"end":	11.002245,
				"seconds":	1.0009410381317139,
				"bytes":	0,
				"bits_per_second":	0,
				"retransmits":	0,
				"omitted":	false,
				"sender":	true
			}
		}, {
			"streams":	[{
					"socket":	5,
					"start":	11.002245,
					"end":	12.001119,
					"seconds":	0.998874008655548,
					"bytes":	0,
					"bits_per_second":	0,
					"retransmits":	0,
					"snd_cwnd":	1448,
					"rtt":	38443,
					"rttvar":	1325,
					"pmtu":	1500,
					"omitted":	false,
					"sender":	true
				}],
			"sum":	{
				"start":	11.002245,
				"end":	12.001119,
				"seconds":	0.998874008655548,
				"bytes":	0,
				"bits_per_second":	0,
				"retransmits":	0,
				"omitted":	false,
				"sender":	true
			}
		}, {
			"streams":	[{
					"socket":	5,
					"start":	12.001119,
					"end":	13.012926,
					"seconds":	1.0118069648742676,
					"bytes":	0,
					"bits_per_second":	0,
					"retransmits":	0,
					"snd_cwnd":	1448,
					"rtt":	38443,
					"rttvar":	1325,
					"pmtu":	1500,
					"omitted":	false,
					"sender":	true
				}],
			"sum":	{
				"start":	12.001119,
				"end":	13.012926,
				"seconds":	1.0118069648742676,
				"bytes":	0,
				"bits_per_second":	0,
				"retransmits":	0,
				"omitted":	false,
				"sender":	true
			}
		}, {
			"streams":	[{
					"socket":	5,
					"start":	13.012926,
					"end":	14.002385,