{
	"start":	{
		"connected":	[{
				"socket":	5,
				"local_host":	"10.1.0.235",
				"local_port":	50852,
				"remote_host":	"10.0.0.234",
				"remote_port":	5201
			}],
		"version":	"iperf 3.9",
		"system_info":	"Linux agsargsyan-VirtualBox 6.5.0-18-generic #18~22.04.1-Ubuntu SMP PREEMPT_DYNAMIC Wed Feb  7 11:40:03 UTC 2 x86_64",
		"timestamp":	{
			"time":	"Sun, 18 Feb 2024 13:19:14 GMT",
			"timesecs":	1708262354
		},
		"connecting_to":	{
			"host":	"10.0.0.234",
			"port":	5201
		},
		"cookie":	"aie7govg6be6pkkboxipdcaruwt2estzke62",
		"tcp_mss_default":	1448,
		"sock_bufsize":	16384,
		"sndbuf_actual":	32768,
		"rcvbuf_actual":	32768,
		"test_start":	{
			"protocol":	"TCP",
			"num_streams":	1,
			"blksize":	131072,
			"omit":	0,
			"duration":	26,
			"bytes":	0,
			"blocks":	0,
			"reverse":	0,
			"tos":	0
		}
	},
	"intervals":	[{
			"streams":	[{
					"socket":	5,
					"start":	0,
					"end":	1.000399,
					"seconds":	1.0003989934921265,
					"bytes":	395304,
					"bits_per_second":	3161170.71345783,
					"retransmits":	0,
					"snd_cwnd":	28960,
					"rtt":	36262,
					"rttvar":	1015,
					"pmtu":	1500,
					"omitted":	false,
					"sender":	true
				}],
			"sum":	{
				"start":	0,
				"end":	1.000399,
				"seconds":	1.0003989934921265,
				"bytes":	395304,
				"bits_per_second":	3161170.71345783,
				"retransmits":	0,
				"omitted":	false,
				"sender":	true
			}
		}, {
			"streams":	[{
					"socket":	5,
					"start":	1.000399,
					"end":	2.000069,
					"seconds":	0.99967002868652344,
					"bytes":	376480,
					"bits_per_second":	3012834.14884138,
					"retransmits":	0,
					"snd_cwnd":	28960,
					"rtt":	38269,
					"rttvar":	2154,
					"pmtu":	1500,
					"omitted":	false,
					"sender":	true
				}],
			"sum":	{
				"start":	1.000399,
				"end":	2.000069,
				"seconds":	0.99967002868652344,
				"bytes":	376480,
				"bits_per_second":	3012834.14884138,
				"retransmits":	0,
				"omitted":	false,
				"sender":	true
			}
		}, {
			"streams":	[{
					"socket":	5,
					"start":	2.000069,
					"end":	3.001605,
					"seconds":	1.0015360116958618,
					"bytes":	390960,
					"bits_per_second":	3122883.214857169,
					"retransmits":	0,
					"snd_cwnd":	28960,
					"rtt":	37938,
					"rttvar":	551,
					"pmtu":	1500,
					"omitted":	false,
					"sender":	true
				}],
			"sum":	{
				"start":	2.000069,
				"end":	3.001605,
				"seconds":	1.0015360116958618,
				"bytes":	390960,
				"bits_per_second":	3122883.214857169,
				"retransmits":	0,
				"omitted":	false,
				"sender":	true
			}
		}, {
			"streams":	[{
					"socket":	5,
					"start":	3.001605,
					"end":	4.003767,
					"seconds":	1.002161979675293,
					"bytes":	376480,
					"bits_per_second":	3005342.5105748433,
					"retransmits":	0,
					"snd_cwnd":	28960,
					"rtt":	37927,
					"rttvar":	1157,
					"pmtu":	1500,
					"omitted":	false,
					"sender":	true
				}],
			"sum":	{
				"start":	3.001605,
				"end":	4.003767,
				"seconds":	1.002161979675293,
				"bytes":	376480,
				"bits_per_second":	3005342.5105748433,
				"retransmits":	0,
				"omitted":	false,
				"sender":	true
			}
		}, {
			"streams":	[{
					"socket":	5,
					"start":	4.003767,
					"end":	5.000202,
					"seconds":	0.996434986591339,
					"bytes":	362000,
					"bits_per_second":	2906361.2167079761,
					"retransmits":	0,
					"snd_cwnd":	28960,
					"rtt":	38418,
					"rttvar":	770,
					"pmtu":	1500,
					"omitted":	false,
					"sender":	true
				}],
			"sum":	{
				"start":	4.003767,
				"end":	5.000202,
				"seconds":	0.996434986591339,
				"bytes":	362000,
				"bits_per_second":	2906361.2167079761,
				"retransmits":	0,
				"omitted":	false,
				"sender":	true
			}
		}, {
			"streams":	[{
					"socket":	5,
					"start":	5.000202,
					"end":	6.002381,
					"seconds":	1.0021790266036987,
					"bytes":	362000,
					"bits_per_second":	2889703.2597202747,
					"retransmits":	0,
					"snd_cwnd":	28960,
					"rtt":	40446,
					"rttvar":	3919,
					"pmtu":	1500,
					"omitted":	false,
					"sender":	true
				}],
			"sum":	{
				"start":	5.000202,
				"end":	6.002381,
				"seconds":	1.0021790266036987,
				"bytes":	362000,
				"bits_per_second":	2889703.2597202747,
				"retransmits":	0,
				"omitted":	false,
				"sender":	true
			}
		}, {
			"streams":	[{
					"socket":	5,
					"start":	6.002381,
					"end":	7.005234,
					"seconds":	1.0028530359268188,
					"bytes":	347520,
					"bits_per_second":	2772250.6692425036,
					"retransmits":	0,
					"snd_cwnd":	28960,
					"rtt":	41126,
					"rttvar":	2916,
					"pmtu":	1500,
					"omitted":	false,
					"sender":	true
				}],
			"sum":	{
				"start":	6.002381,
				"end":	7.005234,
				"seconds":	1.0028530359268188,
				"bytes":	347520,
				"bits_per_second":	2772250.6692425036,
				"retransmits":	0,
				"omitted":	false,
				"sender":	true
			}
		}, {
			"streams":	[{
					"socket":	5,
					"start":	7.005234,
					"end":	8.001892,
					"seconds":	0.99665802717208862,
					"bytes":	347520,
					"bits_per_second":	2789482.3742988445,
					"retransmits":	0,
					"snd_cwnd":	28960,
					"rtt":	41265,
					"rttvar":	2722,
					"pmtu":	1500,
					"omitted":	false,
					"sender":	true
				}],
			"sum":	{
				"start":	7.005234,
				"end":	8.001892,
				"seconds":	0.99665802717208862,
				"bytes":	347520,
				"bits_per_second":	2789482.3742988445,
				"retransmits":	0,
				"omitted":	false,
				"sender":	true
			}
		}, {
			"streams":	[{
					"socket":	5,
					"start":	8.001892,
					"end":	9.002876,
					"seconds":	1.0009839534759521,
					"bytes":	333040,
					"bits_per_second":	2661701.0100392266,
					"retransmits":	0,
					"snd_cwnd":	28960,
					"rtt":	44573,
					"rttvar":	2267,
					"pmtu":	1500,
					"omitted":	false,
					"sender":	true
				}],
			"sum":	{
				"start":	8.001892,
				"end":	9.002876,
				"seconds":	1.0009839534759521,
				"bytes":	333040,
				"bits_per_second":	2661701.0100392266,
				"retransmits":	0,
				"omitted":	false,
				"sender":	true
			}
		}, {
			"streams":	[{
					"socket":	5,
					"start":	9.002876,
					"end":	10.00083,
					"seconds":	0.99795401096344,
					"bytes":	333040,
					"bits_per_second":	2669782.3454087079,
					"retransmits":	0,
					"snd_cwnd":	28960,
					"rtt":	43490,
					"rttvar":	2901,
					"pmtu":	1500,
					"omitted":	false,
					"sender":	true
				}],
			"sum":	{
				"start":	9.002876,
				"end":	10.00083,
				"seconds":	0.99795401096344,
				"bytes":	333040,
				"bits_per_second":	2669782.3454087079,
				"retransmits":	0,
				"omitted":	false,
				"sender":	true
			}
		}, {
			"streams":	[{
					"socket":	5,
					"start":	10.00083,
					"end":	11.003529,
					"seconds":	1.0026990175247192,
					"bytes":	333040,
					"bits_per_second":	2657148.31014514,
					"retransmits":	0,
					"snd_cwnd":	28960,
					"rtt":	42875,
					"rttvar":	2504,
					"pmtu":	1500,
					"omitted":	false,
					"sender":	true
				}],
			"sum":	{
				"start":	10.00083,
				"end":	11.003529,
				"seconds":	1.0026990175247192,
				"bytes":	333040,
				"bits_per_second":	2657148.31014514,
				"retransmits":	0,
				"omitted":	false,
				"sender":	true
			}
		}, {
			"streams":	[{
					"socket":	5,
					"start":	11.003529,
					"end":	12.001454,
					"seconds":	0.99792498350143433,
					"bytes":	318560,
					"bits_per_second":	2553779.1338364035,
					"retransmits":	0,
					"snd_cwnd":	28960,
					"rtt":	49168,
					"rttvar":	22747,
					"pmtu":	1500,
					"omitted":	false,
					"sender":	true
				}],
			"sum":	{
				"start":	11.003529,
				"end":	12.001454,
				"seconds":	0.99792498350143433,
				"bytes":	318560,
				"bits_per_second":	2553779.1338364035,
				"retransmits":	0,
				"omitted":	false,
				"sender":	true
			}
		}, {
			"streams":	[{
					"socket":	5,
					"start":	12.001454,
					"end":	13.00007,
					"seconds":	0.99861598014831543,
					"bytes":	376480,
					"bits_per_second":	3016014.2235583677,
					"retransmits":	0,
					"snd_cwnd":	28960,
					"rtt":	37006,
					"rttvar":	681,
					"pmtu":	1500,
					"omitted":	false,