{
	"start":	{
		"connected":	[{
				"socket":	5,
				"local_host":	"10.1.0.249",
				"local_port":	37988,
				"remote_host":	"10.0.0.248",
				"remote_port":	5201
			}],
		"version":	"iperf 3.9",
		"system_info":	"Linux agsargsyan-VirtualBox 6.5.0-18-generic #18~22.04.1-Ubuntu SMP PREEMPT_DYNAMIC Wed Feb  7 11:40:03 UTC 2 x86_64",
		"timestamp":	{
			"time":	"Sun, 18 Feb 2024 11:17:13 GMT",
			"timesecs":	1708255033
		},
		"connecting_to":	{
			"host":	"10.0.0.248",
			"port":	5201
		},
		"cookie":	"6ssybe5ixfi6yfkhc2udnwbft3hz3qafrcfg",
		"tcp_mss_default":	1448,
		"sock_bufsize":	16384,
		"sndbuf_actual":	32768,
		"rcvbuf_actual":	32768,
		"test_start":	{
			"protocol":	"TCP",
			"num_streams":	1,
			"blksize":	131072,
			"omit":	0,
			"duration":	26,
			"bytes":	0,
			"blocks":	0,
			"reverse":	0,
			"tos":	0
		}
	},
	"intervals":	[{
			"streams":	[{
					"socket":	5,
					"start":	0,
					"end":	1.014728,
					"seconds":	1.0147279500961304,
					"bytes":	353312,
					"bits_per_second":	2785471.71163683,
					"retransmits":	0,
					"snd_cwnd":	28960,
					"rtt":	42739,
					"rttvar":	3945,
					"pmtu":	1500,
					"omitted":	false,
					"sender":	true
				}],
			"sum":	{
				"start":	0,
				"end":	1.014728,
				"seconds":	1.0147279500961304,
				"bytes":	353312,
				"bits_per_second":	2785471.71163683,
				"retransmits":	0,
				"omitted":	false,
				"sender":	true
			}
		}, {
			"streams":	[{
					"socket":	5,
					"start":	1.014728,
					"end":	2.002543,
					"seconds":	0.987815022468567,
					"bytes":	335936,
					"bits_per_second":	2720638.9241620572,
					"retransmits":	0,
					"snd_cwnd":	28960,
					"rtt":	44193,
					"rttvar":	10519,
					"pmtu":	1500,
					"omitted":	false,
					"sender":	true
				}],
			"sum":	{
				"start":	1.014728,
				"end":	2.002543,
				"seconds":	0.987815022468567,
				"bytes":	335936,
				"bits_per_second":	2720638.9241620572,
				"retransmits":	0,
				"omitted":	false,
				"sender":	true
			}
		}, {
			"streams":	[{
					"socket":	5,
					"start":	2.002543,
					"end":	3.000849,
					"seconds":	0.99830597639083862,
					"bytes":	278016,
					"bits_per_second":	2227902.1187881278,
					"retransmits":	0,
					"snd_cwnd":	28960,
					"rtt":	46027,
					"rttvar":	10025,
					"pmtu":	1500,
					"omitted":	false,
					"sender":	true
				}],
			"sum":	{
				"start":	2.002543,
				"end":	3.000849,
				"seconds":	0.99830597639083862,
				"bytes":	278016,
				"bits_per_second":	2227902.1187881278,
				"retransmits":	0,
				"omitted":	false,
				"sender":	true
			}
		}, {
			"streams":	[{
					"socket":	5,
					"start":	3.000849,
					"end":	4.00022,
					"seconds":	0.9993709921836853,
					"bytes":	304080,
					"bits_per_second":	2434171.1126561081,
					"retransmits":	0,
					"snd_cwnd":	28960,
					"rtt":	50680,
					"rttvar":	6914,
					"pmtu":	1500,
					"omitted":	false,
					"sender":	true
				}],
			"sum":	{
				"start":	3.000849,
				"end":	4.00022,
				"seconds":	0.9993709921836853,
				"bytes":	304080,
				"bits_per_second":	2434171.1126561081,
				"retransmits":	0,
				"omitted":	false,
				"sender":	true
			}
		}, {
			"streams":	[{
					"socket":	5,
					"start":	4.00022,
					"end":	5.002086,
					"seconds":	1.0018659830093384,
					"bytes":	275120,
					"bits_per_second":	2196860.6952687451,
					"retransmits":	0,
					"snd_cwnd":	28960,
					"rtt":	47548,
					"rttvar":	4436,
					"pmtu":	1500,
					"omitted":	false,
					"sender":	true
				}],
			"sum":	{
				"start":	4.00022,
				"end":	5.002086,
				"seconds":	1.0018659830093384,
				"bytes":	275120,
				"bits_per_second":	2196860.6952687451,
				"retransmits":	0,
				"omitted":	false,
				"sender":	true
			}
		}, {
			"streams":	[{
					"socket":	5,
					"start":	5.002086,
					"end":	6.002084,
					"seconds":	0.99999797344207764,
					"bytes":	306976,
					"bits_per_second":	2455812.976847244,
					"retransmits":	0,
					"snd_cwnd":	28960,
					"rtt":	46880,
					"rttvar":	9107,
					"pmtu":	1500,
					"omitted":	false,
					"sender":	true
				}],
			"sum":	{
				"start":	5.002086,
				"end":	6.002084,
				"seconds":	0.99999797344207764,
				"bytes":	306976,
				"bits_per_second":	2455812.976847244,
				"retransmits":	0,
				"omitted":	false,
				"sender":	true
			}
		}, {
			"streams":	[{
					"socket":	5,
					"start":	6.002084,
					"end":	7.001482,
					"seconds":	0.99939799308776855,
					"bytes":	289600,
					"bits_per_second":	2318195.5697568981,
					"retransmits":	0,
					"snd_cwnd":	28960,
					"rtt":	46776,
					"rttvar":	4735,
					"pmtu":	1500,
					"omitted":	false,
					"sender":	true
				}],
			"sum":	{
				"start":	6.002084,
				"end":	7.001482,
				"seconds":	0.99939799308776855,
				"bytes":	289600,
				"bits_per_second":	2318195.5697568981,
				"retransmits":	0,
				"omitted":	false,
				"sender":	true
			}
		}, {
			"streams":	[{
					"socket":	5,
					"start":	7.001482,
					"end":	8.000456,
					"seconds":	0.9989740252494812,
					"bytes":	246160,
					"bits_per_second":	1971302.5065974034,
					"retransmits":	1,
					"snd_cwnd":	28960,
					"rtt":	46253,
					"rttvar":	8983,
					"pmtu":	1500,
					"omitted":	false,
					"sender":	true
				}],
			"sum":	{
				"start":	7.001482,
				"end":	8.000456,
				"seconds":	0.9989740252494812,
				"bytes":	246160,
				"bits_per_second":	1971302.5065974034,
				"retransmits":	1,
				"omitted":	false,
				"sender":	true
			}
		}, {
			"streams":	[{
					"socket":	5,
					"start":	8.000456,
					"end":	9.000534,
					"seconds":	1.0000779628753662,
					"bytes":	231680,
					"bits_per_second":	1853295.5117530006,
					"retransmits":	1,
					"snd_cwnd":	28960,
					"rtt":	56217,
					"rttvar":	8250,
					"pmtu":	1500,
					"omitted":	false,
					"sender":	true
				}],
			"sum":	{
				"start":	8.000456,
				"end":	9.000534,
				"seconds":	1.0000779628753662,
				"bytes":	231680,
				"bits_per_second":	1853295.5117530006,
				"retransmits":	1,
				"omitted":	false,
				"sender":	true
			}
		}, {
			"streams":	[{
					"socket":	5,
					"start":	9.000534,
					"end":	10.008991,
					"seconds":	1.0084569454193115,
					"bytes":	304080,
					"bits_per_second":	2412239.81950813,
					"retransmits":	1,
					"snd_cwnd":	28960,
					"rtt":	45717,
					"rttvar":	5226,
					"pmtu":	1500,
					"omitted":	false,
					"sender":	true
				}],
			"sum":	{
				"start":	9.000534,
				"end":	10.008991,
				"seconds":	1.0084569454193115,
				"bytes":	304080,
				"bits_per_second":	2412239.81950813,
				"retransmits":	1,
				"omitted":	false,
				"sender":	true
			}
		}, {
			"streams":	[{
					"socket":	5,
					"start":	10.008991,
					"end":	11.011937,
					"seconds":	1.0029460191726685,
					"bytes":	333040,
					"bits_per_second":	2656493.9179855376,
					"retransmits":	0,
					"snd_cwnd":	28960,
					"rtt":	42928,
					"rttvar":	3961,
					"pmtu":	1500,
					"omitted":	false,
					"sender":	true
				}],
			"sum":	{
				"start":	10.008991,
				"end":	11.011937,
				"seconds":	1.0029460191726685,
				"bytes":	333040,
				"bits_per_second":	2656493.9179855376,
				"retransmits":	0,
				"omitted":	false,
				"sender":	true
			}
		}, {
			"streams":	[{
					"socket":	5,
					"start":	11.011937,
					"end":	12.003874,
					"seconds":	0.991936981678009,
					"bytes":	333040,
					"bits_per_second":	2685977.0824280651,
					"retransmits":	0,
					"snd_cwnd":	28960,
					"rtt":	43439,
					"rttvar":	4645,
					"pmtu":	1500,
					"omitted":	false,
					"sender":	true
				}],
			"sum":	{
				"start":	11.011937,
				"end":	12.003874,
				"seconds":	0.991936981678009,
				"bytes":	333040,
				"bits_per_second":	2685977.0824280651,
				"retransmits":	0,
				"omitted":	false,
				"sender":	true
			}
		}, {
			"streams":	[{
					"socket":	5,
					"start":	12.003874,
					"end":	13.011996,
					"seconds":	1.0081219673156738,
					"bytes":	318560,
					"bits_per_second":	2527948.0882515013,
					"retransmits":	0,
					"snd_cwnd":	28960,
					"rtt":	46263,
					"rttvar":	8144,
					"pmtu":	1500,
					"omitted":	false,