{
	"start":	{
		"connected":	[{
				"socket":	5,
				"local_host":	"10.1.0.217",
				"local_port":	39868,
				"remote_host":	"10.0.0.216",
				"remote_port":	5201
			}],
		"version":	"iperf 3.9",
		"system_info":	"Linux agsargsyan-VirtualBox 6.5.0-18-generic #18~22.04.1-Ubuntu SMP PREEMPT_DYNAMIC Wed Feb  7 11:40:03 UTC 2 x86_64",
		"timestamp":	{
			"time":	"Sun, 18 Feb 2024 13:19:14 GMT",
			"timesecs":	1708262354
		},
		"connecting_to":	{
			"host":	"10.0.0.216",
			"port":	5201
		},
		"cookie":	"6tn4qebwbrzve6rrcwf35fngpscq7js25xia",
		"tcp_mss_default":	1448,
		"sock_bufsize":	16384,
		"sndbuf_actual":	32768,
		"rcvbuf_actual":	32768,
		"test_start":	{
			"protocol":	"TCP",
			"num_streams":	1,
			"blksize":	131072,
			"omit":	0,
			"duration":	26,
			"bytes":	0,
			"blocks":	0,
			"reverse":	0,
			"tos":	0
		}
	},
	"intervals":	[{
			"streams":	[{
					"socket":	5,
					"start":	0,
					"end":	1.000555,
					"seconds":	1.0005550384521484,
					"bytes":	396752,
					"bits_per_second":	3172255.2763416,
					"retransmits":	0,
					"snd_cwnd":	28960,
					"rtt":	36458,
					"rttvar":	908,
					"pmtu":	1500,
					"omitted":	false,
					"sender":	true
				}],
			"sum":	{
				"start":	0,
				"end":	1.000555,
				"seconds":	1.0005550384521484,
				"bytes":	396752,
				"bits_per_second":	3172255.2763416,
				"retransmits":	0,
				"omitted":	false,
				"sender":	true
			}
		}, {
			"streams":	[{
					"socket":	5,
					"start":	1.000555,
					"end":	2.006947,
					"seconds":	1.0063920021057129,
					"bytes":	376480,
					"bits_per_second":	2992710.58762213,
					"retransmits":	0,
					"snd_cwnd":	28960,
					"rtt":	37691,
					"rttvar":	2159,
					"pmtu":	1500,
					"omitted":	false,
					"sender":	true
				}],
			"sum":	{
				"start":	1.000555,
				"end":	2.006947,
				"seconds":	1.0063920021057129,
				"bytes":	376480,
				"bits_per_second":	2992710.58762213,
				"retransmits":	0,
				"omitted":	false,
				"sender":	true
			}
		}, {
			"streams":	[{
					"socket":	5,
					"start":	2.006947,
					"end":	3.003621,
					"seconds":	0.99667400121688843,
					"bytes":	390960,
					"bits_per_second":	3138117.374569078,
					"retransmits":	0,
					"snd_cwnd":	28960,
					"rtt":	37785,
					"rttvar":	894,
					"pmtu":	1500,
					"omitted":	false,
					"sender":	true
				}],
			"sum":	{
				"start":	2.006947,
				"end":	3.003621,
				"seconds":	0.99667400121688843,
				"bytes":	390960,
				"bits_per_second":	3138117.374569078,
				"retransmits":	0,
				"omitted":	false,
				"sender":	true
			}
		}, {
			"streams":	[{
					"socket":	5,
					"start":	3.003621,
					"end":	4.000286,
					"seconds":	0.99666500091552734,
					"bytes":	376480,
					"bits_per_second":	3021918.0940770986,
					"retransmits":	0,
					"snd_cwnd":	28960,
					"rtt":	38087,
					"rttvar":	1131,
					"pmtu":	1500,
					"omitted":	false,
					"sender":	true
				}],
			"sum":	{
				"start":	3.003621,
				"end":	4.000286,
				"seconds":	0.99666500091552734,
				"bytes":	376480,
				"bits_per_second":	3021918.0940770986,
				"retransmits":	0,
				"omitted":	false,
				"sender":	true
			}
		}, {
			"streams":	[{
					"socket":	5,
					"start":	4.000286,
					"end":	5.001759,
					"seconds":	1.0014729499816895,
					"bytes":	362000,
					"bits_per_second":	2891740.6107203886,
					"retransmits":	0,
					"snd_cwnd":	28960,
					"rtt":	37944,
					"rttvar":	1296,
					"pmtu":	1500,
					"omitted":	false,
					"sender":	true
				}],
			"sum":	{
				"start":	4.000286,
				"end":	5.001759,
				"seconds":	1.0014729499816895,
				"bytes":	362000,
				"bits_per_second":	2891740.6107203886,
				"retransmits":	0,
				"omitted":	false,
				"sender":	true
			}
		}, {
			"streams":	[{
					"socket":	5,
					"start":	5.001759,
					"end":	6.00157,
					"seconds":	0.99981099367141724,
					"bytes":	347520,
					"bits_per_second":	2780685.5671699937,
					"retransmits":	0,
					"snd_cwnd":	28960,
					"rtt":	40473,
					"rttvar":	4033,
					"pmtu":	1500,
					"omitted":	false,
					"sender":	true
				}],
			"sum":	{
				"start":	5.001759,
				"end":	6.00157,
				"seconds":	0.99981099367141724,
				"bytes":	347520,
				"bits_per_second":	2780685.5671699937,
				"retransmits":	0,
				"omitted":	false,
				"sender":	true
			}
		}, {
			"streams":	[{
					"socket":	5,
					"start":	6.00157,
					"end":	7.000805,
					"seconds":	0.999234974384308,
					"bytes":	362000,
					"bits_per_second":	2898217.2104058,
					"retransmits":	0,
					"snd_cwnd":	28960,
					"rtt":	39733,
					"rttvar":	2151,
					"pmtu":	1500,
					"omitted":	false,
					"sender":	true
				}],
			"sum":	{
				"start":	6.00157,
				"end":	7.000805,
				"seconds":	0.999234974384308,
				"bytes":	362000,
				"bits_per_second":	2898217.2104058,
				"retransmits":	0,
				"omitted":	false,
				"sender":	true
			}
		}, {
			"streams":	[{
					"socket":	5,
					"start":	7.000805,
					"end":	8.002759,
					"seconds":	1.0019539594650269,
					"bytes":	347520,
					"bits_per_second":	2774738.2738867668,
					"retransmits":	0,
					"snd_cwnd":	28960,
					"rtt":	42316,
					"rttvar":	2130,
					"pmtu":	1500,
					"omitted":	false,
					"sender":	true
				}],
			"sum":	{
				"start":	7.000805,
				"end":	8.002759,
				"seconds":	1.0019539594650269,
				"bytes":	347520,
				"bits_per_second":	2774738.2738867668,
				"retransmits":	0,
				"omitted":	false,
				"sender":	true
			}
		}, {
			"streams":	[{
					"socket":	5,
					"start":	8.002759,
					"end":	9.005775,
					"seconds":	1.0030159950256348,
					"bytes":	318560,
					"bits_per_second":	2540816.9088418842,
					"retransmits":	0,
					"snd_cwnd":	28960,
					"rtt":	44121,
					"rttvar":	2207,
					"pmtu":	1500,
					"omitted":	false,
					"sender":	true
				}],
			"sum":	{
				"start":	8.002759,
				"end":	9.005775,
				"seconds":	1.0030159950256348,
				"bytes":	318560,
				"bits_per_second":	2540816.9088418842,
				"retransmits":	0,
				"omitted":	false,
				"sender":	true
			}
		}, {
			"streams":	[{
					"socket":	5,
					"start":	9.005775,
					"end":	10.001011,
					"seconds":	0.99523597955703735,
					"bytes":	347520,
					"bits_per_second":	2793468.1393224974,
					"retransmits":	0,
					"snd_cwnd":	28960,
					"rtt":	41792,
					"rttvar":	3018,
					"pmtu":	1500,
					"omitted":	false,
					"sender":	true
				}],
			"sum":	{
				"start":	9.005775,
				"end":	10.001011,
				"seconds":	0.99523597955703735,
				"bytes":	347520,
				"bits_per_second":	2793468.1393224974,
				"retransmits":	0,
				"omitted":	false,
				"sender":	true
			}
		}, {
			"streams":	[{
					"socket":	5,
					"start":	10.001011,
					"end":	11.004069,
					"seconds":	1.0030579566955566,
					"bytes":	333040,
					"bits_per_second":	2656197.46318274,
					"retransmits":	0,
					"snd_cwnd":	28960,
					"rtt":	41348,
					"rttvar":	2391,
					"pmtu":	1500,
					"omitted":	false,
					"sender":	true
				}],
			"sum":	{
				"start":	10.001011,
				"end":	11.004069,
				"seconds":	1.0030579566955566,
				"bytes":	333040,
				"bits_per_second":	2656197.46318274,
				"retransmits":	0,
				"omitted":	false,
				"sender":	true
			}
		}, {
			"streams":	[{
					"socket":	5,
					"start":	11.004069,
					"end":	12.007604,
					"seconds":	1.0035350322723389,
					"bytes":	318560,
					"bits_per_second":	2539502.775732093,
					"retransmits":	0,
					"snd_cwnd":	28960,
					"rtt":	46529,
					"rttvar":	17809,
					"pmtu":	1500,
					"omitted":	false,
					"sender":	true
				}],
			"sum":	{
				"start":	11.004069,
				"end":	12.007604,
				"seconds":	1.0035350322723389,
				"bytes":	318560,
				"bits_per_second":	2539502.775732093,
				"retransmits":	0,
				"omitted":	false,
				"sender":	true
			}
		}, {
			"streams":	[{
					"socket":	5,
					"start":	12.007604,
					"end":	13.002027,
					"seconds":	0.994422972202301,
					"bytes":	376480,
					"bits_per_second":	3028731.3187564663,
					"retransmits":	0,
					"snd_cwnd":	28960,
					"rtt":	36540,
					"rttvar":	701,
					"pmtu":	1500,
					"omitted":	false,