{
	"start":	{
		"connected":	[{
				"socket":	5,
				"local_host":	"10.0.0.217",
				"local_port":	43766,
				"remote_host":	"10.1.0.216",
				"remote_port":	5201
			}],
		"version":	"iperf 3.9",
		"system_info":	"Linux agsargsyan-VirtualBox 6.5.0-21-generic #21~22.04.1-Ubuntu SMP PREEMPT_DYNAMIC Fri Feb  9 13:32:52 UTC 2 x86_64",
		"timestamp":	{
			"time":	"Sun, 25 Feb 2024 14:10:49 GMT",
			"timesecs":	1708870249
		},
		"connecting_to":	{
			"host":	"10.1.0.216",
			"port":	5201
		},
		"cookie":	"stdtshmpjrihisxogbpdnpebjqixeoqpihyk",
		"tcp_mss_default":	1448,
		"sock_bufsize":	0,
		"sndbuf_actual":	87380,
		"rcvbuf_actual":	87380,
		"test_start":	{
			"protocol":	"TCP",
			"num_streams":	1,
			"blksize":	131072,
			"omit":	0,
			"duration":	26,
			"bytes":	0,
			"blocks":	0,
			"reverse":	0,
			"tos":	0
		}
	},
	"intervals":	[{
			"streams":	[{
					"socket":	5,
					"start":	0,
					"end":	1.000528,
					"seconds":	1.0005279779434204,
					"bytes":	2924960,
					"bits_per_second":	23387332.004546151,
					"retransmits":	25,
					"snd_cwnd":	46336,
					"rtt":	38130,
					"rttvar":	1174,
					"pmtu":	1500,
					"omitted":	false,
					"sender":	true
				}],
			"sum":	{
				"start":	0,
				"end":	1.000528,
				"seconds":	1.0005279779434204,
				"bytes":	2924960,
				"bits_per_second":	23387332.004546151,
				"retransmits":	25,
				"omitted":	false,
				"sender":	true
			}
		}, {
			"streams":	[{
					"socket":	5,
					"start":	1.000528,
					"end":	2.000562,
					"seconds":	1.000033974647522,
					"bytes":	651600,
					"bits_per_second":	5212622.902974207,
					"retransmits":	7,
					"snd_cwnd":	26064,
					"rtt":	38496,
					"rttvar":	947,
					"pmtu":	1500,
					"omitted":	false,
					"sender":	true
				}],
			"sum":	{
				"start":	1.000528,
				"end":	2.000562,
				"seconds":	1.000033974647522,
				"bytes":	651600,
				"bits_per_second":	5212622.902974207,
				"retransmits":	7,
				"omitted":	false,
				"sender":	true
			}
		}, {
			"streams":	[{
					"socket":	5,
					"start":	2.000562,
					"end":	3.00007,
					"seconds":	0.999508023262024,
					"bytes":	651600,
					"bits_per_second":	5215365.8386726622,
					"retransmits":	6,
					"snd_cwnd":	21720,
					"rtt":	36615,
					"rttvar":	546,
					"pmtu":	1500,
					"omitted":	false,
					"sender":	true
				}],
			"sum":	{
				"start":	2.000562,
				"end":	3.00007,
				"seconds":	0.999508023262024,
				"bytes":	651600,
				"bits_per_second":	5215365.8386726622,
				"retransmits":	6,
				"omitted":	false,
				"sender":	true
			}
		}, {
			"streams":	[{
					"socket":	5,
					"start":	3.00007,
					"end":	4.00014,
					"seconds":	1.0000699758529663,
					"bytes":	651600,
					"bits_per_second":	5212435.2553969715,
					"retransmits":	10,
					"snd_cwnd":	8688,
					"rtt":	38535,
					"rttvar":	4317,
					"pmtu":	1500,
					"omitted":	false,
					"sender":	true
				}],
			"sum":	{
				"start":	3.00007,
				"end":	4.00014,
				"seconds":	1.0000699758529663,
				"bytes":	651600,
				"bits_per_second":	5212435.2553969715,
				"retransmits":	10,
				"omitted":	false,
				"sender":	true
			}
		}, {
			"streams":	[{
					"socket":	5,
					"start":	4.00014,
					"end":	5.005346,
					"seconds":	1.0052059888839722,
					"bytes":	325800,
					"bits_per_second":	2592901.3842165326,
					"retransmits":	0,
					"snd_cwnd":	28960,
					"rtt":	38799,
					"rttvar":	678,
					"pmtu":	1500,
					"omitted":	false,
					"sender":	true
				}],
			"sum":	{
				"start":	4.00014,
				"end":	5.005346,
				"seconds":	1.0052059888839722,
				"bytes":	325800,
				"bits_per_second":	2592901.3842165326,
				"retransmits":	0,
				"omitted":	false,
				"sender":	true
			}
		}, {
			"streams":	[{
					"socket":	5,
					"start":	5.005346,
					"end":	6.001654,
					"seconds":	0.99630802869796753,
					"bytes":	325800,
					"bits_per_second":	2616058.4125837,
					"retransmits":	6,
					"snd_cwnd":	1448,
					"rtt":	38404,
					"rttvar":	906,
					"pmtu":	1500,
					"omitted":	false,
					"sender":	true
				}],
			"sum":	{
				"start":	5.005346,
				"end":	6.001654,
				"seconds":	0.99630802869796753,
				"bytes":	325800,
				"bits_per_second":	2616058.4125837,
				"retransmits":	6,
				"omitted":	false,
				"sender":	true
			}
		}, {
			"streams":	[{
					"socket":	5,
					"start":	6.001654,
					"end":	7.001063,
					"seconds":	0.999409019947052,
					"bytes":	0,
					"bits_per_second":	0,
					"retransmits":	1,
					"snd_cwnd":	1448,
					"rtt":	38404,
					"rttvar":	906,
					"pmtu":	1500,
					"omitted":	false,
					"sender":	true
				}],
			"sum":	{
				"start":	6.001654,
				"end":	7.001063,
				"seconds":	0.999409019947052,
				"bytes":	0,
				"bits_per_second":	0,
				"retransmits":	1,
				"omitted":	false,
				"sender":	true
			}
		}, {
			"streams":	[{
					"socket":	5,
					"start":	7.001063,
					"end":	8.001626,
					"seconds":	1.0005630254745483,
					"bytes":	0,
					"bits_per_second":	0,
					"retransmits":	1,
					"snd_cwnd":	1448,
					"rtt":	38404,
					"rttvar":	906,
					"pmtu":	1500,
					"omitted":	false,
					"sender":	true
				}],
			"sum":	{
				"start":	7.001063,
				"end":	8.001626,
				"seconds":	1.0005630254745483,
				"bytes":	0,
				"bits_per_second":	0,
				"retransmits":	1,
				"omitted":	false,
				"sender":	true
			}
		}, {
			"streams":	[{
					"socket":	5,
					"start":	8.001626,
					"end":	9.006348,
					"seconds":	1.004721999168396,
					"bytes":	0,
					"bits_per_second":	0,
					"retransmits":	0,
					"snd_cwnd":	1448,
					"rtt":	38404,
					"rttvar":	906,
					"pmtu":	1500,
					"omitted":	false,
					"sender":	true
				}],
			"sum":	{
				"start":	8.001626,
				"end":	9.006348,
				"seconds":	1.004721999168396,
				"bytes":	0,
				"bits_per_second":	0,
				"retransmits":	0,
				"omitted":	false,
				"sender":	true
			}
		}, {
			"streams":	[{
					"socket":	5,
					"start":	9.006348,
					"end":	10.001624,
					"seconds":	0.99527597427368164,
					"bytes":	0,
					"bits_per_second":	0,
					"retransmits":	1,
					"snd_cwnd":	1448,
					"rtt":	38404,
					"rttvar":	906,
					"pmtu":	1500,
					"omitted":	false,
					"sender":	true
				}],
			"sum":	{
				"start":	9.006348,
				"end":	10.001624,
				"seconds":	0.99527597427368164,
				"bytes":	0,
				"bits_per_second":	0,
				"retransmits":	1,
				"omitted":	false,
				"sender":	true
			}
		}, {
			"streams":	[{
					"socket":	5,
					"start":	10.001624,
					"end":	11.001656,
					"seconds":	1.0000319480895996,
					"bytes":	0,
					"bits_per_second":	0,
					"retransmits":	0,
					"snd_cwnd":	1448,
					"rtt":	38404,
					"rttvar":	906,
					"pmtu":	1500,
					"omitted":	false,
					"sender":	true
				}],
			"sum":	{
				"start":	10.001624,
				"end":	11.001656,
				"seconds":	1.0000319480895996,
				"bytes":	0,
				"bits_per_second":	0,
				"retransmits":	0,
				"omitted":	false,
				"sender":	true
			}
		}, {
			"streams":	[{
					"socket":	5,
					"start":	11.001656,
					"end":	12.004698,
					"seconds":	1.0030419826507568,
					"bytes":	0,
					"bits_per_second":	0,
					"retransmits":	0,
					"snd_cwnd":	1448,
					"rtt":	38404,
					"rttvar":	906,
					"pmtu":	1500,
					"omitted":	false,
					"sender":	true
				}],
			"sum":	{
				"start":	11.001656,
				"end":	12.004698,
				"seconds":	1.0030419826507568,
				"bytes":	0,
				"bits_per_second":	0,
				"retransmits":	0,
				"omitted":	false,
				"sender":	true
			}
		}, {
			"streams":	[{
					"socket":	5,
					"start":	12.004698,
					"end":	13.001731,
					"seconds":	0.99703299999237061,
					"bytes":	0,
					"bits_per_second":	0,
					"retransmits":	0,
					"snd_cwnd":	1448,
					"rtt":	38404,
					"rttvar":	906,
					"pmtu":	1500,
					"omitted":	false,
					"sender":	true
				}],
			"sum":	{
				"start":	12.004698,
				"end":	13.001731,
				"seconds":	0.99703299999237061,
				"bytes":	0,
				"bits_per_second":	0,
				"retransmits":	0,
				"omitted":	false,
				"sender":	true
			}
		}, {
			"streams":	[{
					"socket":	5,
					"start":	13.001731,
					"end":	14.002499,