{
	"start":	{
		"connected":	[{
				"socket":	5,
				"local_host":	"10.1.0.221",
				"local_port":	53164,
				"remote_host":	"10.0.0.220",
				"remote_port":	5201
			}],
		"version":	"iperf 3.9",
		"system_info":	"Linux agsargsyan-VirtualBox 6.5.0-18-generic #18~22.04.1-Ubuntu SMP PREEMPT_DYNAMIC Wed Feb  7 11:40:03 UTC 2 x86_64",
		"timestamp":	{
			"time":	"Sun, 18 Feb 2024 13:19:14 GMT",
			"timesecs":	1708262354
		},
		"connecting_to":	{
			"host":	"10.0.0.220",
			"port":	5201
		},
		"cookie":	"perccux6s7dkxj5vxsv5tqtvppwebhjefbqk",
		"tcp_mss_default":	1448,
		"sock_bufsize":	16384,
		"sndbuf_actual":	32768,
		"rcvbuf_actual":	32768,
		"test_start":	{
			"protocol":	"TCP",
			"num_streams":	1,
			"blksize":	131072,
			"omit":	0,
			"duration":	26,
			"bytes":	0,
			"blocks":	0,
			"reverse":	0,
			"tos":	0
		}
	},
	"intervals":	[{
			"streams":	[{
					"socket":	5,
					"start":	0,
					"end":	1.000982,
					"seconds":	1.0009820461273193,
					"bytes":	396752,
					"bits_per_second":	3170902.027943349,
					"retransmits":	0,
					"snd_cwnd":	28960,
					"rtt":	36068,
					"rttvar":	945,
					"pmtu":	1500,
					"omitted":	false,
					"sender":	true
				}],
			"sum":	{
				"start":	0,
				"end":	1.000982,
				"seconds":	1.0009820461273193,
				"bytes":	396752,
				"bits_per_second":	3170902.027943349,
				"retransmits":	0,
				"omitted":	false,
				"sender":	true
			}
		}, {
			"streams":	[{
					"socket":	5,
					"start":	1.000982,
					"end":	2.000152,
					"seconds":	0.99917000532150269,
					"bytes":	376480,
					"bits_per_second":	3014341.8877259842,
					"retransmits":	0,
					"snd_cwnd":	28960,
					"rtt":	38465,
					"rttvar":	1876,
					"pmtu":	1500,
					"omitted":	false,
					"sender":	true
				}],
			"sum":	{
				"start":	1.000982,
				"end":	2.000152,
				"seconds":	0.99917000532150269,
				"bytes":	376480,
				"bits_per_second":	3014341.8877259842,
				"retransmits":	0,
				"omitted":	false,
				"sender":	true
			}
		}, {
			"streams":	[{
					"socket":	5,
					"start":	2.000152,
					"end":	3.000104,
					"seconds":	0.99995201826095581,
					"bytes":	390960,
					"bits_per_second":	3127830.078726612,
					"retransmits":	0,
					"snd_cwnd":	28960,
					"rtt":	37837,
					"rttvar":	657,
					"pmtu":	1500,
					"omitted":	false,
					"sender":	true
				}],
			"sum":	{
				"start":	2.000152,
				"end":	3.000104,
				"seconds":	0.99995201826095581,
				"bytes":	390960,
				"bits_per_second":	3127830.078726612,
				"retransmits":	0,
				"omitted":	false,
				"sender":	true
			}
		}, {
			"streams":	[{
					"socket":	5,
					"start":	3.000104,
					"end":	4.002225,
					"seconds":	1.0021209716796875,
					"bytes":	376480,
					"bits_per_second":	3005465.4928054814,
					"retransmits":	0,
					"snd_cwnd":	28960,
					"rtt":	37983,
					"rttvar":	1240,
					"pmtu":	1500,
					"omitted":	false,
					"sender":	true
				}],
			"sum":	{
				"start":	3.000104,
				"end":	4.002225,
				"seconds":	1.0021209716796875,
				"bytes":	376480,
				"bits_per_second":	3005465.4928054814,
				"retransmits":	0,
				"omitted":	false,
				"sender":	true
			}
		}, {
			"streams":	[{
					"socket":	5,
					"start":	4.002225,
					"end":	5.0056,
					"seconds":	1.0033750534057617,
					"bytes":	362000,
					"bits_per_second":	2886258.72266815,
					"retransmits":	0,
					"snd_cwnd":	28960,
					"rtt":	38499,
					"rttvar":	890,
					"pmtu":	1500,
					"omitted":	false,
					"sender":	true
				}],
			"sum":	{
				"start":	4.002225,
				"end":	5.0056,
				"seconds":	1.0033750534057617,
				"bytes":	362000,
				"bits_per_second":	2886258.72266815,
				"retransmits":	0,
				"omitted":	false,
				"sender":	true
			}
		}, {
			"streams":	[{
					"socket":	5,
					"start":	5.0056,
					"end":	6.00199,
					"seconds":	0.99638998508453369,
					"bytes":	362000,
					"bits_per_second":	2906492.4812088548,
					"retransmits":	0,
					"snd_cwnd":	28960,
					"rtt":	41038,
					"rttvar":	4776,
					"pmtu":	1500,
					"omitted":	false,
					"sender":	true
				}],
			"sum":	{
				"start":	5.0056,
				"end":	6.00199,
				"seconds":	0.99638998508453369,
				"bytes":	362000,
				"bits_per_second":	2906492.4812088548,
				"retransmits":	0,
				"omitted":	false,
				"sender":	true
			}
		}, {
			"streams":	[{
					"socket":	5,
					"start":	6.00199,
					"end":	7.000732,
					"seconds":	0.99874198436737061,
					"bytes":	347520,
					"bits_per_second":	2783661.8901737933,
					"retransmits":	0,
					"snd_cwnd":	28960,
					"rtt":	40558,
					"rttvar":	2972,
					"pmtu":	1500,
					"omitted":	false,
					"sender":	true
				}],
			"sum":	{
				"start":	6.00199,
				"end":	7.000732,
				"seconds":	0.99874198436737061,
				"bytes":	347520,
				"bits_per_second":	2783661.8901737933,
				"retransmits":	0,
				"omitted":	false,
				"sender":	true
			}
		}, {
			"streams":	[{
					"socket":	5,
					"start":	7.000732,
					"end":	8.002637,
					"seconds":	1.0019049644470215,
					"bytes":	347520,
					"bits_per_second":	2774873.963754083,
					"retransmits":	0,
					"snd_cwnd":	28960,
					"rtt":	41946,
					"rttvar":	2476,
					"pmtu":	1500,
					"omitted":	false,
					"sender":	true
				}],
			"sum":	{
				"start":	7.000732,
				"end":	8.002637,
				"seconds":	1.0019049644470215,
				"bytes":	347520,
				"bits_per_second":	2774873.963754083,
				"retransmits":	0,
				"omitted":	false,
				"sender":	true
			}
		}, {
			"streams":	[{
					"socket":	5,
					"start":	8.002637,
					"end":	9.000054,
					"seconds":	0.99741697311401367,
					"bytes":	333040,
					"bits_per_second":	2671219.832646105,
					"retransmits":	0,
					"snd_cwnd":	28960,
					"rtt":	44619,
					"rttvar":	2297,
					"pmtu":	1500,
					"omitted":	false,
					"sender":	true
				}],
			"sum":	{
				"start":	8.002637,
				"end":	9.000054,
				"seconds":	0.99741697311401367,
				"bytes":	333040,
				"bits_per_second":	2671219.832646105,
				"retransmits":	0,
				"omitted":	false,
				"sender":	true
			}
		}, {
			"streams":	[{
					"socket":	5,
					"start":	9.000054,
					"end":	10.000134,
					"seconds":	1.0000799894332886,
					"bytes":	333040,
					"bits_per_second":	2664106.8995988811,
					"retransmits":	0,
					"snd_cwnd":	28960,
					"rtt":	43071,
					"rttvar":	3098,
					"pmtu":	1500,
					"omitted":	false,
					"sender":	true
				}],
			"sum":	{
				"start":	9.000054,
				"end":	10.000134,
				"seconds":	1.0000799894332886,
				"bytes":	333040,
				"bits_per_second":	2664106.8995988811,
				"retransmits":	0,
				"omitted":	false,
				"sender":	true
			}
		}, {
			"streams":	[{
					"socket":	5,
					"start":	10.000134,
					"end":	11.000982,
					"seconds":	1.0008480548858643,
					"bytes":	333040,
					"bits_per_second":	2662062.4249540418,
					"retransmits":	0,
					"snd_cwnd":	28960,
					"rtt":	43092,
					"rttvar":	3332,
					"pmtu":	1500,
					"omitted":	false,
					"sender":	true
				}],
			"sum":	{
				"start":	10.000134,
				"end":	11.000982,
				"seconds":	1.0008480548858643,
				"bytes":	333040,
				"bits_per_second":	2662062.4249540418,
				"retransmits":	0,
				"omitted":	false,
				"sender":	true
			}
		}, {
			"streams":	[{
					"socket":	5,
					"start":	11.000982,
					"end":	12.000922,
					"seconds":	0.99993997812271118,
					"bytes":	318560,
					"bits_per_second":	2548632.973735604,
					"retransmits":	0,
					"snd_cwnd":	28960,
					"rtt":	53392,
					"rttvar":	29494,
					"pmtu":	1500,
					"omitted":	false,
					"sender":	true
				}],
			"sum":	{
				"start":	11.000982,
				"end":	12.000922,
				"seconds":	0.99993997812271118,
				"bytes":	318560,
				"bits_per_second":	2548632.973735604,
				"retransmits":	0,
				"omitted":	false,
				"sender":	true
			}
		}, {
			"streams":	[{
					"socket":	5,
					"start":	12.000922,
					"end":	13.00053,
					"seconds":	0.99960798025131226,
					"bytes":	390960,
					"bits_per_second":	3128906.5931763244,
					"retransmits":	0,
					"snd_cwnd":	28960,
					"rtt":	36856,
					"rttvar":	495,
					"pmtu":	1500,
					"omitted":	false,