{
	"start":	{
		"connected":	[{
				"socket":	5,
				"local_host":	"10.0.0.221",
				"local_port":	53190,
				"remote_host":	"10.1.0.220",
				"remote_port":	5201
			}],
		"version":	"iperf 3.9",
		"system_info":	"Linux agsargsyan-VirtualBox 6.5.0-21-generic #21~22.04.1-Ubuntu SMP PREEMPT_DYNAMIC Fri Feb  9 13:32:52 UTC 2 x86_64",
		"timestamp":	{
			"time":	"Sun, 25 Feb 2024 14:10:49 GMT",
			"timesecs":	1708870249
		},
		"connecting_to":	{
			"host":	"10.1.0.220",
			"port":	5201
		},
		"cookie":	"4d7gwy4jxu4xt5eacr74b2y6kuagr63zjqej",
		"tcp_mss_default":	1448,
		"sock_bufsize":	0,
		"sndbuf_actual":	87380,
		"rcvbuf_actual":	87380,
		"test_start":	{
			"protocol":	"TCP",
			"num_streams":	1,
			"blksize":	131072,
			"omit":	0,
			"duration":	26,
			"bytes":	0,
			"blocks":	0,
			"reverse":	0,
			"tos":	0
		}
	},
	"intervals":	[{
			"streams":	[{
					"socket":	5,
					"start":	0,
					"end":	1.000249,
					"seconds":	1.0002490282058716,
					"bytes":	5293888,
					"bits_per_second":	42340560.00630603,
					"retransmits":	52,
					"snd_cwnd":	86880,
					"rtt":	38222,
					"rttvar":	964,
					"pmtu":	1500,
					"omitted":	false,
					"sender":	true
				}],
			"sum":	{
				"start":	0,
				"end":	1.000249,
				"seconds":	1.0002490282058716,
				"bytes":	5293888,
				"bits_per_second":	42340560.00630603,
				"retransmits":	52,
				"omitted":	false,
				"sender":	true
			}
		}, {
			"streams":	[{
					"socket":	5,
					"start":	1.000249,
					"end":	2.000304,
					"seconds":	1.0000549554824829,
					"bytes":	1042560,
					"bits_per_second":	8340021.6700852029,
					"retransmits":	10,
					"snd_cwnd":	21720,
					"rtt":	36979,
					"rttvar":	923,
					"pmtu":	1500,
					"omitted":	false,
					"sender":	true
				}],
			"sum":	{
				"start":	1.000249,
				"end":	2.000304,
				"seconds":	1.0000549554824829,
				"bytes":	1042560,
				"bits_per_second":	8340021.6700852029,
				"retransmits":	10,
				"omitted":	false,
				"sender":	true
			}
		}, {
			"streams":	[{
					"socket":	5,
					"start":	2.000304,
					"end":	3.000428,
					"seconds":	1.0001239776611328,
					"bytes":	521280,
					"bits_per_second":	4169723.047489001,
					"retransmits":	10,
					"snd_cwnd":	11584,
					"rtt":	37162,
					"rttvar":	1481,
					"pmtu":	1500,
					"omitted":	false,
					"sender":	true
				}],
			"sum":	{
				"start":	2.000304,
				"end":	3.000428,
				"seconds":	1.0001239776611328,
				"bytes":	521280,
				"bits_per_second":	4169723.047489001,
				"retransmits":	10,
				"omitted":	false,
				"sender":	true
			}
		}, {
			"streams":	[{
					"socket":	5,
					"start":	3.000428,
					"end":	4.000312,
					"seconds":	0.999884009361267,
					"bytes":	521280,
					"bits_per_second":	4170723.7649134709,
					"retransmits":	6,
					"snd_cwnd":	15928,
					"rtt":	36604,
					"rttvar":	664,
					"pmtu":	1500,
					"omitted":	false,
					"sender":	true
				}],
			"sum":	{
				"start":	3.000428,
				"end":	4.000312,
				"seconds":	0.999884009361267,
				"bytes":	521280,
				"bits_per_second":	4170723.7649134709,
				"retransmits":	6,
				"omitted":	false,
				"sender":	true
			}
		}, {
			"streams":	[{
					"socket":	5,
					"start":	4.000312,
					"end":	5.002531,
					"seconds":	1.0022189617156982,
					"bytes":	0,
					"bits_per_second":	0,
					"retransmits":	3,
					"snd_cwnd":	23168,
					"rtt":	38648,
					"rttvar":	908,
					"pmtu":	1500,
					"omitted":	false,
					"sender":	true
				}],
			"sum":	{
				"start":	4.000312,
				"end":	5.002531,
				"seconds":	1.0022189617156982,
				"bytes":	0,
				"bits_per_second":	0,
				"retransmits":	3,
				"omitted":	false,
				"sender":	true
			}
		}, {
			"streams":	[{
					"socket":	5,
					"start":	5.002531,
					"end":	6.00245,
					"seconds":	0.99991899728775024,
					"bytes":	521280,
					"bits_per_second":	4170577.8281157259,
					"retransmits":	8,
					"snd_cwnd":	1448,
					"rtt":	38870,
					"rttvar":	1276,
					"pmtu":	1500,
					"omitted":	false,
					"sender":	true
				}],
			"sum":	{
				"start":	5.002531,
				"end":	6.00245,
				"seconds":	0.99991899728775024,
				"bytes":	521280,
				"bits_per_second":	4170577.8281157259,
				"retransmits":	8,
				"omitted":	false,
				"sender":	true
			}
		}, {
			"streams":	[{
					"socket":	5,
					"start":	6.00245,
					"end":	7.000807,
					"seconds":	0.99835699796676636,
					"bytes":	0,
					"bits_per_second":	0,
					"retransmits":	1,
					"snd_cwnd":	1448,
					"rtt":	38870,
					"rttvar":	1276,
					"pmtu":	1500,
					"omitted":	false,
					"sender":	true
				}],
			"sum":	{
				"start":	6.00245,
				"end":	7.000807,
				"seconds":	0.99835699796676636,
				"bytes":	0,
				"bits_per_second":	0,
				"retransmits":	1,
				"omitted":	false,
				"sender":	true
			}
		}, {
			"streams":	[{
					"socket":	5,
					"start":	7.000807,
					"end":	8.000672,
					"seconds":	0.99986499547958374,
					"bytes":	0,
					"bits_per_second":	0,
					"retransmits":	1,
					"snd_cwnd":	1448,
					"rtt":	38870,
					"rttvar":	1276,
					"pmtu":	1500,
					"omitted":	false,
					"sender":	true
				}],
			"sum":	{
				"start":	7.000807,
				"end":	8.000672,
				"seconds":	0.99986499547958374,
				"bytes":	0,
				"bits_per_second":	0,
				"retransmits":	1,
				"omitted":	false,
				"sender":	true
			}
		}, {
			"streams":	[{
					"socket":	5,
					"start":	8.000672,
					"end":	9.003324,
					"seconds":	1.0026520490646362,
					"bytes":	0,
					"bits_per_second":	0,
					"retransmits":	0,
					"snd_cwnd":	1448,
					"rtt":	38870,
					"rttvar":	1276,
					"pmtu":	1500,
					"omitted":	false,
					"sender":	true
				}],
			"sum":	{
				"start":	8.000672,
				"end":	9.003324,
				"seconds":	1.0026520490646362,
				"bytes":	0,
				"bits_per_second":	0,
				"retransmits":	0,
				"omitted":	false,
				"sender":	true
			}
		}, {
			"streams":	[{
					"socket":	5,
					"start":	9.003324,
					"end":	10.000382,
					"seconds":	0.99705797433853149,
					"bytes":	0,
					"bits_per_second":	0,
					"retransmits":	1,
					"snd_cwnd":	1448,
					"rtt":	38870,
					"rttvar":	1276,
					"pmtu":	1500,
					"omitted":	false,
					"sender":	true
				}],
			"sum":	{
				"start":	9.003324,
				"end":	10.000382,
				"seconds":	0.99705797433853149,
				"bytes":	0,
				"bits_per_second":	0,
				"retransmits":	1,
				"omitted":	false,
				"sender":	true
			}
		}, {
			"streams":	[{
					"socket":	5,
					"start":	10.000382,
					"end":	11.001709,
					"seconds":	1.0013270378112793,
					"bytes":	0,
					"bits_per_second":	0,
					"retransmits":	0,
					"snd_cwnd":	1448,
					"rtt":	38870,
					"rttvar":	1276,
					"pmtu":	1500,
					"omitted":	false,
					"sender":	true
				}],
			"sum":	{
				"start":	10.000382,
				"end":	11.001709,
				"seconds":	1.0013270378112793,
				"bytes":	0,
				"bits_per_second":	0,
				"retransmits":	0,
				"omitted":	false,
				"sender":	true
			}
		}, {
			"streams":	[{
					"socket":	5,
					"start":	11.001709,
					"end":	12.001617,
					"seconds":	0.9999079704284668,
					"bytes":	0,
					"bits_per_second":	0,
					"retransmits":	0,
					"snd_cwnd":	1448,
					"rtt":	38870,
					"rttvar":	1276,
					"pmtu":	1500,
					"omitted":	false,
					"sender":	true
				}],
			"sum":	{
				"start":	11.001709,
				"end":	12.001617,
				"seconds":	0.9999079704284668,
				"bytes":	0,
				"bits_per_second":	0,
				"retransmits":	0,
				"omitted":	false,
				"sender":	true
			}
		}, {
			"streams":	[{
					"socket":	5,
					"start":	12.001617,
					"end":	13.001717,
					"seconds":	1.0001000165939331,
					"bytes":	0,
					"bits_per_second":	0,
					"retransmits":	0,
					"snd_cwnd":	1448,
					"rtt":	38870,
					"rttvar":	1276,
					"pmtu":	1500,
					"omitted":	false,
					"sender":	true
				}],
			"sum":	{
				"start":	12.001617,
				"end":	13.001717,
				"seconds":	1.0001000165939331,
				"bytes":	0,
				"bits_per_second":	0,
				"retransmits":	0,
				"omitted":	false,
				"sender":	true
			}
		}, {
			"streams":	[{
					"socket":	5,
					"start":	13.001717,
					"end":	14.002185,