{
	"start":	{
		"connected":	[{
				"socket":	5,
				"local_host":	"10.1.0.215",
				"local_port":	38972,
				"remote_host":	"10.0.0.214",
				"remote_port":	5201
			}],
		"version":	"iperf 3.9",
		"system_info":	"Linux agsargsyan-VirtualBox 6.5.0-18-generic #18~22.04.1-Ubuntu SMP PREEMPT_DYNAMIC Wed Feb  7 11:40:03 UTC 2 x86_64",
		"timestamp":	{
			"time":	"Sun, 18 Feb 2024 13:19:14 GMT",
			"timesecs":	1708262354
		},
		"connecting_to":	{
			"host":	"10.0.0.214",
			"port":	5201
		},
		"cookie":	"ynrbcvoaccrvklg3gbttszn5ik47ij6c547n",
		"tcp_mss_default":	1448,
		"sock_bufsize":	16384,
		"sndbuf_actual":	32768,
		"rcvbuf_actual":	32768,
		"test_start":	{
			"protocol":	"TCP",
			"num_streams":	1,
			"blksize":	131072,
			"omit":	0,
			"duration":	26,
			"bytes":	0,
			"blocks":	0,
			"reverse":	0,
			"tos":	0
		}
	},
	"intervals":	[{
			"streams":	[{
					"socket":	5,
					"start":	0,
					"end":	1.000521,
					"seconds":	1.0005209445953369,
					"bytes":	396752,
					"bits_per_second":	3172363.3744456377,
					"retransmits":	0,
					"snd_cwnd":	28960,
					"rtt":	36271,
					"rttvar":	939,
					"pmtu":	1500,
					"omitted":	false,
					"sender":	true
				}],
			"sum":	{
				"start":	0,
				"end":	1.000521,
				"seconds":	1.0005209445953369,
				"bytes":	396752,
				"bits_per_second":	3172363.3744456377,
				"retransmits":	0,
				"omitted":	false,
				"sender":	true
			}
		}, {
			"streams":	[{
					"socket":	5,
					"start":	1.000521,
					"end":	2.0007,
					"seconds":	1.0001790523529053,
					"bytes":	376480,
					"bits_per_second":	3011300.8195029623,
					"retransmits":	0,
					"snd_cwnd":	28960,
					"rtt":	38452,
					"rttvar":	1877,
					"pmtu":	1500,
					"omitted":	false,
					"sender":	true
				}],
			"sum":	{
				"start":	1.000521,
				"end":	2.0007,
				"seconds":	1.0001790523529053,
				"bytes":	376480,
				"bits_per_second":	3011300.8195029623,
				"retransmits":	0,
				"omitted":	false,
				"sender":	true
			}
		}, {
			"streams":	[{
					"socket":	5,
					"start":	2.0007,
					"end":	3.000772,
					"seconds":	1.0000720024108887,
					"bytes":	390960,
					"bits_per_second":	3127454.8157133232,
					"retransmits":	0,
					"snd_cwnd":	28960,
					"rtt":	38030,
					"rttvar":	922,
					"pmtu":	1500,
					"omitted":	false,
					"sender":	true
				}],
			"sum":	{
				"start":	2.0007,
				"end":	3.000772,
				"seconds":	1.0000720024108887,
				"bytes":	390960,
				"bits_per_second":	3127454.8157133232,
				"retransmits":	0,
				"omitted":	false,
				"sender":	true
			}
		}, {
			"streams":	[{
					"socket":	5,
					"start":	3.000772,
					"end":	4.00153,
					"seconds":	1.0007580518722534,
					"bytes":	376480,
					"bits_per_second":	3009558.5984697738,
					"retransmits":	0,
					"snd_cwnd":	28960,
					"rtt":	38242,
					"rttvar":	1472,
					"pmtu":	1500,
					"omitted":	false,
					"sender":	true
				}],
			"sum":	{
				"start":	3.000772,
				"end":	4.00153,
				"seconds":	1.0007580518722534,
				"bytes":	376480,
				"bits_per_second":	3009558.5984697738,
				"retransmits":	0,
				"omitted":	false,
				"sender":	true
			}
		}, {
			"streams":	[{
					"socket":	5,
					"start":	4.00153,
					"end":	5.000605,
					"seconds":	0.99907499551773071,
					"bytes":	376480,
					"bits_per_second":	3014628.5449164244,
					"retransmits":	0,
					"snd_cwnd":	28960,
					"rtt":	37971,
					"rttvar":	698,
					"pmtu":	1500,
					"omitted":	false,
					"sender":	true
				}],
			"sum":	{
				"start":	4.00153,
				"end":	5.000605,
				"seconds":	0.99907499551773071,
				"bytes":	376480,
				"bits_per_second":	3014628.5449164244,
				"retransmits":	0,
				"omitted":	false,
				"sender":	true
			}
		}, {
			"streams":	[{
					"socket":	5,
					"start":	5.000605,
					"end":	6.005869,
					"seconds":	1.0052640438079834,
					"bytes":	362000,
					"bits_per_second":	2880835.1575271981,
					"retransmits":	0,
					"snd_cwnd":	28960,
					"rtt":	41540,
					"rttvar":	2195,
					"pmtu":	1500,
					"omitted":	false,
					"sender":	true
				}],
			"sum":	{
				"start":	5.000605,
				"end":	6.005869,
				"seconds":	1.0052640438079834,
				"bytes":	362000,
				"bits_per_second":	2880835.1575271981,
				"retransmits":	0,
				"omitted":	false,
				"sender":	true
			}
		}, {
			"streams":	[{
					"socket":	5,
					"start":	6.005869,
					"end":	7.000718,
					"seconds":	0.99484902620315552,
					"bytes":	333040,
					"bits_per_second":	2678114.899673155,
					"retransmits":	0,
					"snd_cwnd":	28960,
					"rtt":	42312,
					"rttvar":	4391,
					"pmtu":	1500,
					"omitted":	false,
					"sender":	true
				}],
			"sum":	{
				"start":	6.005869,
				"end":	7.000718,
				"seconds":	0.99484902620315552,
				"bytes":	333040,
				"bits_per_second":	2678114.899673155,
				"retransmits":	0,
				"omitted":	false,
				"sender":	true
			}
		}, {
			"streams":	[{
					"socket":	5,
					"start":	7.000718,
					"end":	8.001402,
					"seconds":	1.0006840229034424,
					"bytes":	362000,
					"bits_per_second":	2894020.4237471269,
					"retransmits":	0,
					"snd_cwnd":	28960,
					"rtt":	41541,
					"rttvar":	2815,
					"pmtu":	1500,
					"omitted":	false,
					"sender":	true
				}],
			"sum":	{
				"start":	7.000718,
				"end":	8.001402,
				"seconds":	1.0006840229034424,
				"bytes":	362000,
				"bits_per_second":	2894020.4237471269,
				"retransmits":	0,
				"omitted":	false,
				"sender":	true
			}
		}, {
			"streams":	[{
					"socket":	5,
					"start":	8.001402,
					"end":	9.001491,
					"seconds":	1.0000890493392944,
					"bytes":	333040,
					"bits_per_second":	2664082.7651899341,
					"retransmits":	0,
					"snd_cwnd":	28960,
					"rtt":	45530,
					"rttvar":	2095,
					"pmtu":	1500,
					"omitted":	false,
					"sender":	true
				}],
			"sum":	{
				"start":	8.001402,
				"end":	9.001491,
				"seconds":	1.0000890493392944,
				"bytes":	333040,
				"bits_per_second":	2664082.7651899341,
				"retransmits":	0,
				"omitted":	false,
				"sender":	true
			}
		}, {
			"streams":	[{
					"socket":	5,
					"start":	9.001491,
					"end":	10.000364,
					"seconds":	0.998872995376587,
					"bytes":	333040,
					"bits_per_second":	2667326.0888342666,
					"retransmits":	0,
					"snd_cwnd":	28960,
					"rtt":	43518,
					"rttvar":	3978,
					"pmtu":	1500,
					"omitted":	false,
					"sender":	true
				}],
			"sum":	{
				"start":	9.001491,
				"end":	10.000364,
				"seconds":	0.998872995376587,
				"bytes":	333040,
				"bits_per_second":	2667326.0888342666,
				"retransmits":	0,
				"omitted":	false,
				"sender":	true
			}
		}, {
			"streams":	[{
					"socket":	5,
					"start":	10.000364,
					"end":	11.001986,
					"seconds":	1.0016219615936279,
					"bytes":	333040,
					"bits_per_second":	2660005.5731215607,
					"retransmits":	0,
					"snd_cwnd":	28960,
					"rtt":	42835,
					"rttvar":	2513,
					"pmtu":	1500,
					"omitted":	false,
					"sender":	true
				}],
			"sum":	{
				"start":	10.000364,
				"end":	11.001986,
				"seconds":	1.0016219615936279,
				"bytes":	333040,
				"bits_per_second":	2660005.5731215607,
				"retransmits":	0,
				"omitted":	false,
				"sender":	true
			}
		}, {
			"streams":	[{
					"socket":	5,
					"start":	11.001986,
					"end":	12.000611,
					"seconds":	0.99862498044967651,
					"bytes":	318560,
					"bits_per_second":	2551989.0348150819,
					"retransmits":	0,
					"snd_cwnd":	28960,
					"rtt":	49594,
					"rttvar":	23312,
					"pmtu":	1500,
					"omitted":	false,
					"sender":	true
				}],
			"sum":	{
				"start":	11.001986,
				"end":	12.000611,
				"seconds":	0.99862498044967651,
				"bytes":	318560,
				"bits_per_second":	2551989.0348150819,
				"retransmits":	0,
				"omitted":	false,
				"sender":	true
			}
		}, {
			"streams":	[{
					"socket":	5,
					"start":	12.000611,
					"end":	13.000281,
					"seconds":	0.99967002868652344,
					"bytes":	390960,
					"bits_per_second":	3128712.38533528,
					"retransmits":	0,
					"snd_cwnd":	28960,
					"rtt":	36722,
					"rttvar":	378,
					"pmtu":	1500,
					"omitted":	false,