{
	"start":	{
		"connected":	[{
				"socket":	5,
				"local_host":	"10.0.0.247",
				"local_port":	36380,
				"remote_host":	"10.1.0.246",
				"remote_port":	5201
			}],
		"version":	"iperf 3.9",
		"system_info":	"Linux agsargsyan-VirtualBox 6.5.0-21-generic #21~22.04.1-Ubuntu SMP PREEMPT_DYNAMIC Fri Feb  9 13:32:52 UTC 2 x86_64",
		"timestamp":	{
			"time":	"Sun, 25 Feb 2024 14:10:49 GMT",
			"timesecs":	1708870249
		},
		"connecting_to":	{
			"host":	"10.1.0.246",
			"port":	5201
		},
		"cookie":	"e2ajp4o6j3gnlgfvtghgl34yvzlq4bb2l4yh",
		"tcp_mss_default":	1448,
		"sock_bufsize":	0,
		"sndbuf_actual":	87380,
		"rcvbuf_actual":	87380,
		"test_start":	{
			"protocol":	"TCP",
			"num_streams":	1,
			"blksize":	131072,
			"omit":	0,
			"duration":	26,
			"bytes":	0,
			"blocks":	0,
			"reverse":	0,
			"tos":	0
		}
	},
	"intervals":	[{
			"streams":	[{
					"socket":	5,
					"start":	0,
					"end":	1.000121,
					"seconds":	1.000120997428894,
					"bytes":	36016144,
					"bits_per_second":	288094293.3312279,
					"retransmits":	5208,
					"snd_cwnd":	1847648,
					"rtt":	41972,
					"rttvar":	4136,
					"pmtu":	1500,
					"omitted":	false,
					"sender":	true
				}],
			"sum":	{
				"start":	0,
				"end":	1.000121,
				"seconds":	1.000120997428894,
				"bytes":	36016144,
				"bits_per_second":	288094293.3312279,
				"retransmits":	5208,
				"omitted":	false,
				"sender":	true
			}
		}, {
			"streams":	[{
					"socket":	5,
					"start":	1.000121,
					"end":	2.00025,
					"seconds":	1.0001289844512939,
					"bytes":	22282240,
					"bits_per_second":	178234930.46529251,
					"retransmits":	331,
					"snd_cwnd":	328696,
					"rtt":	37965,
					"rttvar":	792,
					"pmtu":	1500,
					"omitted":	false,
					"sender":	true
				}],
			"sum":	{
				"start":	1.000121,
				"end":	2.00025,
				"seconds":	1.0001289844512939,
				"bytes":	22282240,
				"bits_per_second":	178234930.46529251,
				"retransmits":	331,
				"omitted":	false,
				"sender":	true
			}
		}, {
			"streams":	[{
					"socket":	5,
					"start":	2.00025,
					"end":	3.000842,
					"seconds":	1.0005919933319092,
					"bytes":	7864320,
					"bits_per_second":	62877337.035746634,
					"retransmits":	36,
					"snd_cwnd":	121632,
					"rtt":	37287,
					"rttvar":	708,
					"pmtu":	1500,
					"omitted":	false,
					"sender":	true
				}],
			"sum":	{
				"start":	2.00025,
				"end":	3.000842,
				"seconds":	1.0005919933319092,
				"bytes":	7864320,
				"bits_per_second":	62877337.035746634,
				"retransmits":	36,
				"omitted":	false,
				"sender":	true
			}
		}, {
			"streams":	[{
					"socket":	5,
					"start":	3.000842,
					"end":	4.000169,
					"seconds":	0.999327003955841,
					"bytes":	2621440,
					"bits_per_second":	20985643.254894674,
					"retransmits":	23,
					"snd_cwnd":	21720,
					"rtt":	37163,
					"rttvar":	1303,
					"pmtu":	1500,
					"omitted":	false,
					"sender":	true
				}],
			"sum":	{
				"start":	3.000842,
				"end":	4.000169,
				"seconds":	0.999327003955841,
				"bytes":	2621440,
				"bits_per_second":	20985643.254894674,
				"retransmits":	23,
				"omitted":	false,
				"sender":	true
			}
		}, {
			"streams":	[{
					"socket":	5,
					"start":	4.000169,
					"end":	5.006073,
					"seconds":	1.005903959274292,
					"bytes":	0,
					"bits_per_second":	0,
					"retransmits":	4,
					"snd_cwnd":	18824,
					"rtt":	38699,
					"rttvar":	1613,
					"pmtu":	1500,
					"omitted":	false,
					"sender":	true
				}],
			"sum":	{
				"start":	4.000169,
				"end":	5.006073,
				"seconds":	1.005903959274292,
				"bytes":	0,
				"bits_per_second":	0,
				"retransmits":	4,
				"omitted":	false,
				"sender":	true
			}
		}, {
			"streams":	[{
					"socket":	5,
					"start":	5.006073,
					"end":	6.001332,
					"seconds":	0.99525898694992065,
					"bytes":	0,
					"bits_per_second":	0,
					"retransmits":	6,
					"snd_cwnd":	14480,
					"rtt":	38277,
					"rttvar":	1036,
					"pmtu":	1500,
					"omitted":	false,
					"sender":	true
				}],
			"sum":	{
				"start":	5.006073,
				"end":	6.001332,
				"seconds":	0.99525898694992065,
				"bytes":	0,
				"bits_per_second":	0,
				"retransmits":	6,
				"omitted":	false,
				"sender":	true
			}
		}, {
			"streams":	[{
					"socket":	5,
					"start":	6.001332,
					"end":	7.002041,
					"seconds":	1.000709056854248,
					"bytes":	0,
					"bits_per_second":	0,
					"retransmits":	2,
					"snd_cwnd":	1448,
					"rtt":	38277,
					"rttvar":	1036,
					"pmtu":	1500,
					"omitted":	false,
					"sender":	true
				}],
			"sum":	{
				"start":	6.001332,
				"end":	7.002041,
				"seconds":	1.000709056854248,
				"bytes":	0,
				"bits_per_second":	0,
				"retransmits":	2,
				"omitted":	false,
				"sender":	true
			}
		}, {
			"streams":	[{
					"socket":	5,
					"start":	7.002041,
					"end":	8.002801,
					"seconds":	1.0007599592208862,
					"bytes":	0,
					"bits_per_second":	0,
					"retransmits":	1,
					"snd_cwnd":	1448,
					"rtt":	38277,
					"rttvar":	1036,
					"pmtu":	1500,
					"omitted":	false,
					"sender":	true
				}],
			"sum":	{
				"start":	7.002041,
				"end":	8.002801,
				"seconds":	1.0007599592208862,
				"bytes":	0,
				"bits_per_second":	0,
				"retransmits":	1,
				"omitted":	false,
				"sender":	true
			}
		}, {
			"streams":	[{
					"socket":	5,
					"start":	8.002801,
					"end":	9.007068,
					"seconds":	1.0042669773101807,
					"bytes":	0,
					"bits_per_second":	0,
					"retransmits":	0,
					"snd_cwnd":	1448,
					"rtt":	38277,
					"rttvar":	1036,
					"pmtu":	1500,
					"omitted":	false,
					"sender":	true
				}],
			"sum":	{
				"start":	8.002801,
				"end":	9.007068,
				"seconds":	1.0042669773101807,
				"bytes":	0,
				"bits_per_second":	0,
				"retransmits":	0,
				"omitted":	false,
				"sender":	true
			}
		}, {
			"streams":	[{
					"socket":	5,
					"start":	9.007068,
					"end":	10.001195,
					"seconds":	0.99412697553634644,
					"bytes":	0,
					"bits_per_second":	0,
					"retransmits":	1,
					"snd_cwnd":	1448,
					"rtt":	38277,
					"rttvar":	1036,
					"pmtu":	1500,
					"omitted":	false,
					"sender":	true
				}],
			"sum":	{
				"start":	9.007068,
				"end":	10.001195,
				"seconds":	0.99412697553634644,
				"bytes":	0,
				"bits_per_second":	0,
				"retransmits":	1,
				"omitted":	false,
				"sender":	true
			}
		}, {
			"streams":	[{
					"socket":	5,
					"start":	10.001195,
					"end":	11.000576,
					"seconds":	0.99938100576400757,
					"bytes":	0,
					"bits_per_second":	0,
					"retransmits":	0,
					"snd_cwnd":	1448,
					"rtt":	38277,
					"rttvar":	1036,
					"pmtu":	1500,
					"omitted":	false,
					"sender":	true
				}],
			"sum":	{
				"start":	10.001195,
				"end":	11.000576,
				"seconds":	0.99938100576400757,
				"bytes":	0,
				"bits_per_second":	0,
				"retransmits":	0,
				"omitted":	false,
				"sender":	true
			}
		}, {
			"streams":	[{
					"socket":	5,
					"start":	11.000576,
					"end":	12.003443,
					"seconds":	1.0028669834136963,
					"bytes":	0,
					"bits_per_second":	0,
					"retransmits":	0,
					"snd_cwnd":	1448,
					"rtt":	38277,
					"rttvar":	1036,
					"pmtu":	1500,
					"omitted":	false,
					"sender":	true
				}],
			"sum":	{
				"start":	11.000576,
				"end":	12.003443,
				"seconds":	1.0028669834136963,
				"bytes":	0,
				"bits_per_second":	0,
				"retransmits":	0,
				"omitted":	false,
				"sender":	true
			}
		}, {
			"streams":	[{
					"socket":	5,
					"start":	12.003443,
					"end":	13.000791,
					"seconds":	0.99734801054000854,
					"bytes":	0,
					"bits_per_second":	0,
					"retransmits":	0,
					"snd_cwnd":	1448,
					"rtt":	38277,
					"rttvar":	1036,
					"pmtu":	1500,
					"omitted":	false,
					"sender":	true
				}],
			"sum":	{
				"start":	12.003443,
				"end":	13.000791,
				"seconds":	0.99734801054000854,
				"bytes":	0,
				"bits_per_second":	0,
				"retransmits":	0,
				"omitted":	false,
				"sender":	true
			}
		}, {
			"streams":	[{
					"socket":	5,
					"start":	13.000791,
					"end":	14.003296,
					"seconds":	1.0025049448013306,