{
	"start":	{
		"connected":	[{
				"socket":	5,
				"local_host":	"10.1.0.247",
				"local_port":	35644,
				"remote_host":	"10.0.0.246",
				"remote_port":	5201
			}],
		"version":	"iperf 3.9",
		"system_info":	"Linux agsargsyan-VirtualBox 6.5.0-18-generic #18~22.04.1-Ubuntu SMP PREEMPT_DYNAMIC Wed Feb  7 11:40:03 UTC 2 x86_64",
		"timestamp":	{
			"time":	"Sun, 18 Feb 2024 13:19:15 GMT",
			"timesecs":	1708262355
		},
		"connecting_to":	{
			"host":	"10.0.0.246",
			"port":	5201
		},
		"cookie":	"4g2jwncksmsbgz7rokmlcx4kq56yubunncjt",
		"tcp_mss_default":	1448,
		"sock_bufsize":	16384,
		"sndbuf_actual":	32768,
		"rcvbuf_actual":	32768,
		"test_start":	{
			"protocol":	"TCP",
			"num_streams":	1,
			"blksize":	131072,
			"omit":	0,
			"duration":	26,
			"bytes":	0,
			"blocks":	0,
			"reverse":	0,
			"tos":	0
		}
	},
	"intervals":	[{
			"streams":	[{
					"socket":	5,
					"start":	0,
					"end":	1.000428,
					"seconds":	1.0004279613494873,
					"bytes":	382272,
					"bits_per_second":	3056867.7787402063,
					"retransmits":	0,
					"snd_cwnd":	28960,
					"rtt":	38762,
					"rttvar":	1810,
					"pmtu":	1500,
					"omitted":	false,
					"sender":	true
				}],
			"sum":	{
				"start":	0,
				"end":	1.000428,
				"seconds":	1.0004279613494873,
				"bytes":	382272,
				"bits_per_second":	3056867.7787402063,
				"retransmits":	0,
				"omitted":	false,
				"sender":	true
			}
		}, {
			"streams":	[{
					"socket":	5,
					"start":	1.000428,
					"end":	2.000941,
					"seconds":	1.000512957572937,
					"bytes":	376480,
					"bits_per_second":	3010295.84594904,
					"retransmits":	0,
					"snd_cwnd":	28960,
					"rtt":	37827,
					"rttvar":	720,
					"pmtu":	1500,
					"omitted":	false,
					"sender":	true
				}],
			"sum":	{
				"start":	1.000428,
				"end":	2.000941,
				"seconds":	1.000512957572937,
				"bytes":	376480,
				"bits_per_second":	3010295.84594904,
				"retransmits":	0,
				"omitted":	false,
				"sender":	true
			}
		}, {
			"streams":	[{
					"socket":	5,
					"start":	2.000941,
					"end":	3.000158,
					"seconds":	0.99921697378158569,
					"bytes":	376480,
					"bits_per_second":	3014200.1977824131,
					"retransmits":	0,
					"snd_cwnd":	28960,
					"rtt":	38358,
					"rttvar":	2379,
					"pmtu":	1500,
					"omitted":	false,
					"sender":	true
				}],
			"sum":	{
				"start":	2.000941,
				"end":	3.000158,
				"seconds":	0.99921697378158569,
				"bytes":	376480,
				"bits_per_second":	3014200.1977824131,
				"retransmits":	0,
				"omitted":	false,
				"sender":	true
			}
		}, {
			"streams":	[{
					"socket":	5,
					"start":	3.000158,
					"end":	4.000169,
					"seconds":	1.0000109672546387,
					"bytes":	376480,
					"bits_per_second":	3011806.9687460512,
					"retransmits":	0,
					"snd_cwnd":	28960,
					"rtt":	38648,
					"rttvar":	1597,
					"pmtu":	1500,
					"omitted":	false,
					"sender":	true
				}],
			"sum":	{
				"start":	3.000158,
				"end":	4.000169,
				"seconds":	1.0000109672546387,
				"bytes":	376480,
				"bits_per_second":	3011806.9687460512,
				"retransmits":	0,
				"omitted":	false,
				"sender":	true
			}
		}, {
			"streams":	[{
					"socket":	5,
					"start":	4.000169,
					"end":	5.000763,
					"seconds":	1.0005940198898315,
					"bytes":	362000,
					"bits_per_second":	2894280.7396738771,
					"retransmits":	0,
					"snd_cwnd":	28960,
					"rtt":	42049,
					"rttvar":	5641,
					"pmtu":	1500,
					"omitted":	false,
					"sender":	true
				}],
			"sum":	{
				"start":	4.000169,
				"end":	5.000763,
				"seconds":	1.0005940198898315,
				"bytes":	362000,
				"bits_per_second":	2894280.7396738771,
				"retransmits":	0,
				"omitted":	false,
				"sender":	true
			}
		}, {
			"streams":	[{
					"socket":	5,
					"start":	5.000763,
					"end":	6.00042,
					"seconds":	0.99965697526931763,
					"bytes":	333040,
					"bits_per_second":	2665234.2412578128,
					"retransmits":	0,
					"snd_cwnd":	28960,
					"rtt":	44408,
					"rttvar":	2411,
					"pmtu":	1500,
					"omitted":	false,
					"sender":	true
				}],
			"sum":	{
				"start":	5.000763,
				"end":	6.00042,
				"seconds":	0.99965697526931763,
				"bytes":	333040,
				"bits_per_second":	2665234.2412578128,
				"retransmits":	0,
				"omitted":	false,
				"sender":	true
			}
		}, {
			"streams":	[{
					"socket":	5,
					"start":	6.00042,
					"end":	7.001452,
					"seconds":	1.0010319948196411,
					"bytes":	362000,
					"bits_per_second":	2893014.42410118,
					"retransmits":	0,
					"snd_cwnd":	28960,
					"rtt":	43411,
					"rttvar":	2246,
					"pmtu":	1500,
					"omitted":	false,
					"sender":	true
				}],
			"sum":	{
				"start":	6.00042,
				"end":	7.001452,
				"seconds":	1.0010319948196411,
				"bytes":	362000,
				"bits_per_second":	2893014.42410118,
				"retransmits":	0,
				"omitted":	false,
				"sender":	true
			}
		}, {
			"streams":	[{
					"socket":	5,
					"start":	7.001452,
					"end":	8.000255,
					"seconds":	0.99880301952362061,
					"bytes":	318560,
					"bits_per_second":	2551534.1365462616,
					"retransmits":	0,
					"snd_cwnd":	28960,
					"rtt":	45895,
					"rttvar":	2040,
					"pmtu":	1500,
					"omitted":	false,
					"sender":	true
				}],
			"sum":	{
				"start":	7.001452,
				"end":	8.000255,
				"seconds":	0.99880301952362061,
				"bytes":	318560,
				"bits_per_second":	2551534.1365462616,
				"retransmits":	0,
				"omitted":	false,
				"sender":	true
			}
		}, {
			"streams":	[{
					"socket":	5,
					"start":	8.000255,
					"end":	9.000626,
					"seconds":	1.000370979309082,
					"bytes":	347520,
					"bits_per_second":	2779129.0006434913,
					"retransmits":	0,
					"snd_cwnd":	28960,
					"rtt":	43607,
					"rttvar":	6396,
					"pmtu":	1500,
					"omitted":	false,
					"sender":	true
				}],
			"sum":	{
				"start":	8.000255,
				"end":	9.000626,
				"seconds":	1.000370979309082,
				"bytes":	347520,
				"bits_per_second":	2779129.0006434913,
				"retransmits":	0,
				"omitted":	false,
				"sender":	true
			}
		}, {
			"streams":	[{
					"socket":	5,
					"start":	9.000626,
					"end":	10.00812,
					"seconds":	1.00749397277832,
					"bytes":	333040,
					"bits_per_second":	2644502.1727055358,
					"retransmits":	0,
					"snd_cwnd":	28960,
					"rtt":	44478,
					"rttvar":	2352,
					"pmtu":	1500,
					"omitted":	false,
					"sender":	true
				}],
			"sum":	{
				"start":	9.000626,
				"end":	10.00812,
				"seconds":	1.00749397277832,
				"bytes":	333040,
				"bits_per_second":	2644502.1727055358,
				"retransmits":	0,
				"omitted":	false,
				"sender":	true
			}
		}, {
			"streams":	[{
					"socket":	5,
					"start":	10.00812,
					"end":	11.001062,
					"seconds":	0.992941975593567,
					"bytes":	318560,
					"bits_per_second":	2566595.0907922429,
					"retransmits":	0,
					"snd_cwnd":	28960,
					"rtt":	53243,
					"rttvar":	29586,
					"pmtu":	1500,
					"omitted":	false,
					"sender":	true
				}],
			"sum":	{
				"start":	10.00812,
				"end":	11.001062,
				"seconds":	0.992941975593567,
				"bytes":	318560,
				"bits_per_second":	2566595.0907922429,
				"retransmits":	0,
				"omitted":	false,
				"sender":	true
			}
		}, {
			"streams":	[{
					"socket":	5,
					"start":	11.001062,
					"end":	12.003919,
					"seconds":	1.002856969833374,
					"bytes":	376480,
					"bits_per_second":	3003259.7774141422,
					"retransmits":	0,
					"snd_cwnd":	28960,
					"rtt":	37159,
					"rttvar":	607,
					"pmtu":	1500,
					"omitted":	false,
					"sender":	true
				}],
			"sum":	{
				"start":	11.001062,
				"end":	12.003919,
				"seconds":	1.002856969833374,
				"bytes":	376480,
				"bits_per_second":	3003259.7774141422,
				"retransmits":	0,
				"omitted":	false,
				"sender":	true
			}
		}, {
			"streams":	[{
					"socket":	5,
					"start":	12.003919,
					"end":	13.000137,
					"seconds":	0.99621802568435669,
					"bytes":	390960,
					"bits_per_second":	3139553.7114994735,
					"retransmits":	0,
					"snd_cwnd":	28960,
					"rtt":	36613,
					"rttvar":	427,
					"pmtu":	1500,
					"omitted":	false,