{
	"start":	{
		"connected":	[{
				"socket":	5,
				"local_host":	"10.1.0.213",
				"local_port":	56928,
				"remote_host":	"10.0.0.212",
				"remote_port":	5201
			}],
		"version":	"iperf 3.9",
		"system_info":	"Linux agsargsyan-VirtualBox 6.5.0-18-generic #18~22.04.1-Ubuntu SMP PREEMPT_DYNAMIC Wed Feb  7 11:40:03 UTC 2 x86_64",
		"timestamp":	{
			"time":	"Sun, 18 Feb 2024 13:19:14 GMT",
			"timesecs":	1708262354
		},
		"connecting_to":	{
			"host":	"10.0.0.212",
			"port":	5201
		},
		"cookie":	"rqjqatc7phvrbjou7aqocpilf5jeiiv4bgyi",
		"tcp_mss_default":	1448,
		"sock_bufsize":	16384,
		"sndbuf_actual":	32768,
		"rcvbuf_actual":	32768,
		"test_start":	{
			"protocol":	"TCP",
			"num_streams":	1,
			"blksize":	131072,
			"omit":	0,
			"duration":	26,
			"bytes":	0,
			"blocks":	0,
			"reverse":	0,
			"tos":	0
		}
	},
	"intervals":	[{
			"streams":	[{
					"socket":	5,
					"start":	0,
					"end":	1.000398,
					"seconds":	1.00039803981781,
					"bytes":	396752,
					"bits_per_second":	3172753.1179269841,
					"retransmits":	0,
					"snd_cwnd":	28960,
					"rtt":	35971,
					"rttvar":	986,
					"pmtu":	1500,
					"omitted":	false,
					"sender":	true
				}],
			"sum":	{
				"start":	0,
				"end":	1.000398,
				"seconds":	1.00039803981781,
				"bytes":	396752,
				"bits_per_second":	3172753.1179269841,
				"retransmits":	0,
				"omitted":	false,
				"sender":	true
			}
		}, {
			"streams":	[{
					"socket":	5,
					"start":	1.000398,
					"end":	2.000355,
					"seconds":	0.999957025051117,
					"bytes":	376480,
					"bits_per_second":	3011969.4392326884,
					"retransmits":	0,
					"snd_cwnd":	28960,
					"rtt":	38541,
					"rttvar":	1913,
					"pmtu":	1500,
					"omitted":	false,
					"sender":	true
				}],
			"sum":	{
				"start":	1.000398,
				"end":	2.000355,
				"seconds":	0.999957025051117,
				"bytes":	376480,
				"bits_per_second":	3011969.4392326884,
				"retransmits":	0,
				"omitted":	false,
				"sender":	true
			}
		}, {
			"streams":	[{
					"socket":	5,
					"start":	2.000355,
					"end":	3.000566,
					"seconds":	1.0002110004425049,
					"bytes":	376480,
					"bits_per_second":	3011204.63448965,
					"retransmits":	0,
					"snd_cwnd":	28960,
					"rtt":	37640,
					"rttvar":	575,
					"pmtu":	1500,
					"omitted":	false,
					"sender":	true
				}],
			"sum":	{
				"start":	2.000355,
				"end":	3.000566,
				"seconds":	1.0002110004425049,
				"bytes":	376480,
				"bits_per_second":	3011204.63448965,
				"retransmits":	0,
				"omitted":	false,
				"sender":	true
			}
		}, {
			"streams":	[{
					"socket":	5,
					"start":	3.000566,
					"end":	4.003731,
					"seconds":	1.0031650066375732,
					"bytes":	390960,
					"bits_per_second":	3117812.103996146,
					"retransmits":	0,
					"snd_cwnd":	28960,
					"rtt":	37889,
					"rttvar":	1113,
					"pmtu":	1500,
					"omitted":	false,
					"sender":	true
				}],
			"sum":	{
				"start":	3.000566,
				"end":	4.003731,
				"seconds":	1.0031650066375732,
				"bytes":	390960,
				"bits_per_second":	3117812.103996146,
				"retransmits":	0,
				"omitted":	false,
				"sender":	true
			}
		}, {
			"streams":	[{
					"socket":	5,
					"start":	4.003731,
					"end":	5.000158,
					"seconds":	0.99642699956893921,
					"bytes":	362000,
					"bits_per_second":	2906384.5131182,
					"retransmits":	0,
					"snd_cwnd":	28960,
					"rtt":	38679,
					"rttvar":	1312,
					"pmtu":	1500,
					"omitted":	false,
					"sender":	true
				}],
			"sum":	{
				"start":	4.003731,
				"end":	5.000158,
				"seconds":	0.99642699956893921,
				"bytes":	362000,
				"bits_per_second":	2906384.5131182,
				"retransmits":	0,
				"omitted":	false,
				"sender":	true
			}
		}, {
			"streams":	[{
					"socket":	5,
					"start":	5.000158,
					"end":	6.002479,
					"seconds":	1.0023210048675537,
					"bytes":	362000,
					"bits_per_second":	2889293.9347137362,
					"retransmits":	0,
					"snd_cwnd":	28960,
					"rtt":	41084,
					"rttvar":	4848,
					"pmtu":	1500,
					"omitted":	false,
					"sender":	true
				}],
			"sum":	{
				"start":	5.000158,
				"end":	6.002479,
				"seconds":	1.0023210048675537,
				"bytes":	362000,
				"bits_per_second":	2889293.9347137362,
				"retransmits":	0,
				"omitted":	false,
				"sender":	true
			}
		}, {
			"streams":	[{
					"socket":	5,
					"start":	6.002479,
					"end":	7.001061,
					"seconds":	0.99858200550079346,
					"bytes":	347520,
					"bits_per_second":	2784107.8496159534,
					"retransmits":	0,
					"snd_cwnd":	28960,
					"rtt":	41200,
					"rttvar":	2874,
					"pmtu":	1500,
					"omitted":	false,
					"sender":	true
				}],
			"sum":	{
				"start":	6.002479,
				"end":	7.001061,
				"seconds":	0.99858200550079346,
				"bytes":	347520,
				"bits_per_second":	2784107.8496159534,
				"retransmits":	0,
				"omitted":	false,
				"sender":	true
			}
		}, {
			"streams":	[{
					"socket":	5,
					"start":	7.001061,
					"end":	8.001835,
					"seconds":	1.0007740259170532,
					"bytes":	347520,
					"bits_per_second":	2778009.7484568679,
					"retransmits":	0,
					"snd_cwnd":	28960,
					"rtt":	41925,
					"rttvar":	2591,
					"pmtu":	1500,
					"omitted":	false,
					"sender":	true
				}],
			"sum":	{
				"start":	7.001061,
				"end":	8.001835,
				"seconds":	1.0007740259170532,
				"bytes":	347520,
				"bits_per_second":	2778009.7484568679,
				"retransmits":	0,
				"omitted":	false,
				"sender":	true
			}
		}, {
			"streams":	[{
					"socket":	5,
					"start":	8.001835,
					"end":	9.002879,
					"seconds":	1.0010440349578857,
					"bytes":	333040,
					"bits_per_second":	2661541.2578849131,
					"retransmits":	0,
					"snd_cwnd":	28960,
					"rtt":	44719,
					"rttvar":	2300,
					"pmtu":	1500,
					"omitted":	false,
					"sender":	true
				}],
			"sum":	{
				"start":	8.001835,
				"end":	9.002879,
				"seconds":	1.0010440349578857,
				"bytes":	333040,
				"bits_per_second":	2661541.2578849131,
				"retransmits":	0,
				"omitted":	false,
				"sender":	true
			}
		}, {
			"streams":	[{
					"socket":	5,
					"start":	9.002879,
					"end":	10.001288,
					"seconds":	0.9984089732170105,
					"bytes":	333040,
					"bits_per_second":	2668565.7595956856,
					"retransmits":	0,
					"snd_cwnd":	28960,
					"rtt":	43538,
					"rttvar":	4021,
					"pmtu":	1500,
					"omitted":	false,
					"sender":	true
				}],
			"sum":	{
				"start":	9.002879,
				"end":	10.001288,
				"seconds":	0.9984089732170105,
				"bytes":	333040,
				"bits_per_second":	2668565.7595956856,
				"retransmits":	0,
				"omitted":	false,
				"sender":	true
			}
		}, {
			"streams":	[{
					"socket":	5,
					"start":	10.001288,
					"end":	11.003458,
					"seconds":	1.0021699666976929,
					"bytes":	333040,
					"bits_per_second":	2658551.0327947186,
					"retransmits":	0,
					"snd_cwnd":	28960,
					"rtt":	42812,
					"rttvar":	2250,
					"pmtu":	1500,
					"omitted":	false,
					"sender":	true
				}],
			"sum":	{
				"start":	10.001288,
				"end":	11.003458,
				"seconds":	1.0021699666976929,
				"bytes":	333040,
				"bits_per_second":	2658551.0327947186,
				"retransmits":	0,
				"omitted":	false,
				"sender":	true
			}
		}, {
			"streams":	[{
					"socket":	5,
					"start":	11.003458,
					"end":	12.000447,
					"seconds":	0.99698901176452637,
					"bytes":	318560,
					"bits_per_second":	2556176.6177237588,
					"retransmits":	0,
					"snd_cwnd":	28960,
					"rtt":	49326,
					"rttvar":	22889,
					"pmtu":	1500,
					"omitted":	false,
					"sender":	true
				}],
			"sum":	{
				"start":	11.003458,
				"end":	12.000447,
				"seconds":	0.99698901176452637,
				"bytes":	318560,
				"bits_per_second":	2556176.6177237588,
				"retransmits":	0,
				"omitted":	false,
				"sender":	true
			}
		}, {
			"streams":	[{
					"socket":	5,
					"start":	12.000447,
					"end":	13.000156,
					"seconds":	0.99970901012420654,
					"bytes":	376480,
					"bits_per_second":	3012716.6700496185,
					"retransmits":	0,
					"snd_cwnd":	28960,
					"rtt":	37006,
					"rttvar":	449,
					"pmtu":	1500,
					"omitted":	false,