{
	"start":	{
		"connected":	[{
				"socket":	5,
				"local_host":	"10.0.0.213",
				"local_port":	43244,
				"remote_host":	"10.1.0.212",
				"remote_port":	5201
			}],
		"version":	"iperf 3.9",
		"system_info":	"Linux agsargsyan-VirtualBox 6.5.0-21-generic #21~22.04.1-Ubuntu SMP PREEMPT_DYNAMIC Fri Feb  9 13:32:52 UTC 2 x86_64",
		"timestamp":	{
			"time":	"Sun, 25 Feb 2024 14:10:49 GMT",
			"timesecs":	1708870249
		},
		"connecting_to":	{
			"host":	"10.1.0.212",
			"port":	5201
		},
		"cookie":	"ybwyjym7urwlopzwvo6lrfoqrafff4zlmwqw",
		"tcp_mss_default":	1448,
		"sock_bufsize":	0,
		"sndbuf_actual":	87380,
		"rcvbuf_actual":	87380,
		"test_start":	{
			"protocol":	"TCP",
			"num_streams":	1,
			"blksize":	131072,
			"omit":	0,
			"duration":	26,
			"bytes":	0,
			"blocks":	0,
			"reverse":	0,
			"tos":	0
		}
	},
	"intervals":	[{
			"streams":	[{
					"socket":	5,
					"start":	0,
					"end":	1.000877,
					"seconds":	1.0008770227432251,
					"bytes":	7893048,
					"bits_per_second":	63089053.46526242,
					"retransmits":	83,
					"snd_cwnd":	112944,
					"rtt":	36231,
					"rttvar":	181,
					"pmtu":	1500,
					"omitted":	false,
					"sender":	true
				}],
			"sum":	{
				"start":	0,
				"end":	1.000877,
				"seconds":	1.0008770227432251,
				"bytes":	7893048,
				"bits_per_second":	63089053.46526242,
				"retransmits":	83,
				"omitted":	false,
				"sender":	true
			}
		}, {
			"streams":	[{
					"socket":	5,
					"start":	1.000877,
					"end":	2.000452,
					"seconds":	0.99957501888275146,
					"bytes":	912240,
					"bits_per_second":	7301022.7968252515,
					"retransmits":	18,
					"snd_cwnd":	26064,
					"rtt":	37479,
					"rttvar":	1229,
					"pmtu":	1500,
					"omitted":	false,
					"sender":	true
				}],
			"sum":	{
				"start":	1.000877,
				"end":	2.000452,
				"seconds":	0.99957501888275146,
				"bytes":	912240,
				"bits_per_second":	7301022.7968252515,
				"retransmits":	18,
				"omitted":	false,
				"sender":	true
			}
		}, {
			"streams":	[{
					"socket":	5,
					"start":	2.000452,
					"end":	3.001636,
					"seconds":	1.0011839866638184,
					"bytes":	912240,
					"bits_per_second":	7289289.5783505226,
					"retransmits":	4,
					"snd_cwnd":	21720,
					"rtt":	36422,
					"rttvar":	441,
					"pmtu":	1500,
					"omitted":	false,
					"sender":	true
				}],
			"sum":	{
				"start":	2.000452,
				"end":	3.001636,
				"seconds":	1.0011839866638184,
				"bytes":	912240,
				"bits_per_second":	7289289.5783505226,
				"retransmits":	4,
				"omitted":	false,
				"sender":	true
			}
		}, {
			"streams":	[{
					"socket":	5,
					"start":	3.001636,
					"end":	4.000494,
					"seconds":	0.99885797500610352,
					"bytes":	912240,
					"bits_per_second":	7306263.9360269476,
					"retransmits":	8,
					"snd_cwnd":	11584,
					"rtt":	36965,
					"rttvar":	744,
					"pmtu":	1500,
					"omitted":	false,
					"sender":	true
				}],
			"sum":	{
				"start":	3.001636,
				"end":	4.000494,
				"seconds":	0.99885797500610352,
				"bytes":	912240,
				"bits_per_second":	7306263.9360269476,
				"retransmits":	8,
				"omitted":	false,
				"sender":	true
			}
		}, {
			"streams":	[{
					"socket":	5,
					"start":	4.000494,
					"end":	5.000832,
					"seconds":	1.0003379583358765,
					"bytes":	0,
					"bits_per_second":	0,
					"retransmits":	0,
					"snd_cwnd":	30408,
					"rtt":	38491,
					"rttvar":	1540,
					"pmtu":	1500,
					"omitted":	false,
					"sender":	true
				}],
			"sum":	{
				"start":	4.000494,
				"end":	5.000832,
				"seconds":	1.0003379583358765,
				"bytes":	0,
				"bits_per_second":	0,
				"retransmits":	0,
				"omitted":	false,
				"sender":	true
			}
		}, {
			"streams":	[{
					"socket":	5,
					"start":	5.000832,
					"end":	6.002785,
					"seconds":	1.0019530057907104,
					"bytes":	912240,
					"bits_per_second":	7283694.9016792523,
					"retransmits":	6,
					"snd_cwnd":	21720,
					"rtt":	38783,
					"rttvar":	2090,
					"pmtu":	1500,
					"omitted":	false,
					"sender":	true
				}],
			"sum":	{
				"start":	5.000832,
				"end":	6.002785,
				"seconds":	1.0019530057907104,
				"bytes":	912240,
				"bits_per_second":	7283694.9016792523,
				"retransmits":	6,
				"omitted":	false,
				"sender":	true
			}
		}, {
			"streams":	[{
					"socket":	5,
					"start":	6.002785,
					"end":	7.003772,
					"seconds":	1.0009870529174805,
					"bytes":	0,
					"bits_per_second":	0,
					"retransmits":	2,
					"snd_cwnd":	1448,
					"rtt":	38783,
					"rttvar":	2090,
					"pmtu":	1500,
					"omitted":	false,
					"sender":	true
				}],
			"sum":	{
				"start":	6.002785,
				"end":	7.003772,
				"seconds":	1.0009870529174805,
				"bytes":	0,
				"bits_per_second":	0,
				"retransmits":	2,
				"omitted":	false,
				"sender":	true
			}
		}, {
			"streams":	[{
					"socket":	5,
					"start":	7.003772,
					"end":	8.012582,
					"seconds":	1.0088100433349609,
					"bytes":	0,
					"bits_per_second":	0,
					"retransmits":	1,
					"snd_cwnd":	1448,
					"rtt":	38783,
					"rttvar":	2090,
					"pmtu":	1500,
					"omitted":	false,
					"sender":	true
				}],
			"sum":	{
				"start":	7.003772,
				"end":	8.012582,
				"seconds":	1.0088100433349609,
				"bytes":	0,
				"bits_per_second":	0,
				"retransmits":	1,
				"omitted":	false,
				"sender":	true
			}
		}, {
			"streams":	[{
					"socket":	5,
					"start":	8.012582,
					"end":	9.002146,
					"seconds":	0.98956400156021118,
					"bytes":	0,
					"bits_per_second":	0,
					"retransmits":	0,
					"snd_cwnd":	1448,
					"rtt":	38783,
					"rttvar":	2090,
					"pmtu":	1500,
					"omitted":	false,
					"sender":	true
				}],
			"sum":	{
				"start":	8.012582,
				"end":	9.002146,
				"seconds":	0.98956400156021118,
				"bytes":	0,
				"bits_per_second":	0,
				"retransmits":	0,
				"omitted":	false,
				"sender":	true
			}
		}, {
			"streams":	[{
					"socket":	5,
					"start":	9.002146,
					"end":	10.001638,
					"seconds":	0.99949198961257935,
					"bytes":	0,
					"bits_per_second":	0,
					"retransmits":	1,
					"snd_cwnd":	1448,
					"rtt":	38783,
					"rttvar":	2090,
					"pmtu":	1500,
					"omitted":	false,
					"sender":	true
				}],
			"sum":	{
				"start":	9.002146,
				"end":	10.001638,
				"seconds":	0.99949198961257935,
				"bytes":	0,
				"bits_per_second":	0,
				"retransmits":	1,
				"omitted":	false,
				"sender":	true
			}
		}, {
			"streams":	[{
					"socket":	5,
					"start":	10.001638,
					"end":	11.002407,
					"seconds":	1.0007690191268921,
					"bytes":	0,
					"bits_per_second":	0,
					"retransmits":	0,
					"snd_cwnd":	1448,
					"rtt":	38783,
					"rttvar":	2090,
					"pmtu":	1500,
					"omitted":	false,
					"sender":	true
				}],
			"sum":	{
				"start":	10.001638,
				"end":	11.002407,
				"seconds":	1.0007690191268921,
				"bytes":	0,
				"bits_per_second":	0,
				"retransmits":	0,
				"omitted":	false,
				"sender":	true
			}
		}, {
			"streams":	[{
					"socket":	5,
					"start":	11.002407,
					"end":	12.001544,
					"seconds":	0.999136984348297,
					"bytes":	0,
					"bits_per_second":	0,
					"retransmits":	0,
					"snd_cwnd":	1448,
					"rtt":	38783,
					"rttvar":	2090,
					"pmtu":	1500,
					"omitted":	false,
					"sender":	true
				}],
			"sum":	{
				"start":	11.002407,
				"end":	12.001544,
				"seconds":	0.999136984348297,
				"bytes":	0,
				"bits_per_second":	0,
				"retransmits":	0,
				"omitted":	false,
				"sender":	true
			}
		}, {
			"streams":	[{
					"socket":	5,
					"start":	12.001544,
					"end":	13.001692,
					"seconds":	1.0001480579376221,
					"bytes":	0,
					"bits_per_second":	0,
					"retransmits":	0,
					"snd_cwnd":	1448,
					"rtt":	38783,
					"rttvar":	2090,
					"pmtu":	1500,
					"omitted":	false,
					"sender":	true
				}],
			"sum":	{
				"start":	12.001544,
				"end":	13.001692,
				"seconds":	1.0001480579376221,
				"bytes":	0,
				"bits_per_second":	0,
				"retransmits":	0,
				"omitted":	false,
				"sender":	true
			}
		}, {
			"streams":	[{
					"socket":	5,
					"start":	13.001692,
					"end":	14.001185,