{
	"start":	{
		"connected":	[{
				"socket":	5,
				"local_host":	"10.0.0.219",
				"local_port":	42218,
				"remote_host":	"10.1.0.218",
				"remote_port":	5201
			}],
		"version":	"iperf 3.9",
		"system_info":	"Linux agsargsyan-VirtualBox 6.5.0-21-generic #21~22.04.1-Ubuntu SMP PREEMPT_DYNAMIC Fri Feb  9 13:32:52 UTC 2 x86_64",
		"timestamp":	{
			"time":	"Sun, 25 Feb 2024 14:10:49 GMT",
			"timesecs":	1708870249
		},
		"connecting_to":	{
			"host":	"10.1.0.218",
			"port":	5201
		},
		"cookie":	"fzp3kn5b7zpzmm6yh6cgwndoytt45mrmws4e",
		"tcp_mss_default":	1448,
		"sock_bufsize":	0,
		"sndbuf_actual":	87380,
		"rcvbuf_actual":	87380,
		"test_start":	{
			"protocol":	"TCP",
			"num_streams":	1,
			"blksize":	131072,
			"omit":	0,
			"duration":	26,
			"bytes":	0,
			"blocks":	0,
			"reverse":	0,
			"tos":	0
		}
	},
	"intervals":	[{
			"streams":	[{
					"socket":	5,
					"start":	0,
					"end":	1.000622,
					"seconds":	1.000622034072876,
					"bytes":	54870928,
					"bits_per_second":	438694541.04788351,
					"retransmits":	2940,
					"snd_cwnd":	3953040,
					"rtt":	36032,
					"rttvar":	91,
					"pmtu":	1500,
					"omitted":	false,
					"sender":	true
				}],
			"sum":	{
				"start":	0,
				"end":	1.000622,
				"seconds":	1.000622034072876,
				"bytes":	54870928,
				"bits_per_second":	438694541.04788351,
				"retransmits":	2940,
				"omitted":	false,
				"sender":	true
			}
		}, {
			"streams":	[{
					"socket":	5,
					"start":	1.000622,
					"end":	2.000617,
					"seconds":	0.999994993209839,
					"bytes":	31457280,
					"bits_per_second":	251659500.00630859,
					"retransmits":	452,
					"snd_cwnd":	240368,
					"rtt":	38273,
					"rttvar":	1414,
					"pmtu":	1500,
					"omitted":	false,
					"sender":	true
				}],
			"sum":	{
				"start":	1.000622,
				"end":	2.000617,
				"seconds":	0.999994993209839,
				"bytes":	31457280,
				"bits_per_second":	251659500.00630859,
				"retransmits":	452,
				"omitted":	false,
				"sender":	true
			}
		}, {
			"streams":	[{
					"socket":	5,
					"start":	2.000617,
					"end":	3.000718,
					"seconds":	1.0001009702682495,
					"bytes":	5242880,
					"bits_per_second":	41938805.427565917,
					"retransmits":	24,
					"snd_cwnd":	91224,
					"rtt":	36299,
					"rttvar":	450,
					"pmtu":	1500,
					"omitted":	false,
					"sender":	true
				}],
			"sum":	{
				"start":	2.000617,
				"end":	3.000718,
				"seconds":	1.0001009702682495,
				"bytes":	5242880,
				"bits_per_second":	41938805.427565917,
				"retransmits":	24,
				"omitted":	false,
				"sender":	true
			}
		}, {
			"streams":	[{
					"socket":	5,
					"start":	3.000718,
					"end":	4.001302,
					"seconds":	1.0005840063095093,
					"bytes":	2621440,
					"bits_per_second":	20959279.64844254,
					"retransmits":	16,
					"snd_cwnd":	27512,
					"rtt":	37298,
					"rttvar":	902,
					"pmtu":	1500,
					"omitted":	false,
					"sender":	true
				}],
			"sum":	{
				"start":	3.000718,
				"end":	4.001302,
				"seconds":	1.0005840063095093,
				"bytes":	2621440,
				"bits_per_second":	20959279.64844254,
				"retransmits":	16,
				"omitted":	false,
				"sender":	true
			}
		}, {
			"streams":	[{
					"socket":	5,
					"start":	4.001302,
					"end":	5.002808,
					"seconds":	1.001505970954895,
					"bytes":	0,
					"bits_per_second":	0,
					"retransmits":	5,
					"snd_cwnd":	23168,
					"rtt":	40390,
					"rttvar":	2000,
					"pmtu":	1500,
					"omitted":	false,
					"sender":	true
				}],
			"sum":	{
				"start":	4.001302,
				"end":	5.002808,
				"seconds":	1.001505970954895,
				"bytes":	0,
				"bits_per_second":	0,
				"retransmits":	5,
				"omitted":	false,
				"sender":	true
			}
		}, {
			"streams":	[{
					"socket":	5,
					"start":	5.002808,
					"end":	6.00163,
					"seconds":	0.99882197380065918,
					"bytes":	0,
					"bits_per_second":	0,
					"retransmits":	7,
					"snd_cwnd":	1448,
					"rtt":	39221,
					"rttvar":	714,
					"pmtu":	1500,
					"omitted":	false,
					"sender":	true
				}],
			"sum":	{
				"start":	5.002808,
				"end":	6.00163,
				"seconds":	0.99882197380065918,
				"bytes":	0,
				"bits_per_second":	0,
				"retransmits":	7,
				"omitted":	false,
				"sender":	true
			}
		}, {
			"streams":	[{
					"socket":	5,
					"start":	6.00163,
					"end":	7.000826,
					"seconds":	0.99919599294662476,
					"bytes":	0,
					"bits_per_second":	0,
					"retransmits":	1,
					"snd_cwnd":	1448,
					"rtt":	39221,
					"rttvar":	714,
					"pmtu":	1500,
					"omitted":	false,
					"sender":	true
				}],
			"sum":	{
				"start":	6.00163,
				"end":	7.000826,
				"seconds":	0.99919599294662476,
				"bytes":	0,
				"bits_per_second":	0,
				"retransmits":	1,
				"omitted":	false,
				"sender":	true
			}
		}, {
			"streams":	[{
					"socket":	5,
					"start":	7.000826,
					"end":	8.001583,
					"seconds":	1.0007569789886475,
					"bytes":	0,
					"bits_per_second":	0,
					"retransmits":	1,
					"snd_cwnd":	1448,
					"rtt":	39221,
					"rttvar":	714,
					"pmtu":	1500,
					"omitted":	false,
					"sender":	true
				}],
			"sum":	{
				"start":	7.000826,
				"end":	8.001583,
				"seconds":	1.0007569789886475,
				"bytes":	0,
				"bits_per_second":	0,
				"retransmits":	1,
				"omitted":	false,
				"sender":	true
			}
		}, {
			"streams":	[{
					"socket":	5,
					"start":	8.001583,
					"end":	9.004283,
					"seconds":	1.0026999711990356,
					"bytes":	0,
					"bits_per_second":	0,
					"retransmits":	0,
					"snd_cwnd":	1448,
					"rtt":	39221,
					"rttvar":	714,
					"pmtu":	1500,
					"omitted":	false,
					"sender":	true
				}],
			"sum":	{
				"start":	8.001583,
				"end":	9.004283,
				"seconds":	1.0026999711990356,
				"bytes":	0,
				"bits_per_second":	0,
				"retransmits":	0,
				"omitted":	false,
				"sender":	true
			}
		}, {
			"streams":	[{
					"socket":	5,
					"start":	9.004283,
					"end":	10.000525,
					"seconds":	0.9962419867515564,
					"bytes":	0,
					"bits_per_second":	0,
					"retransmits":	1,
					"snd_cwnd":	1448,
					"rtt":	39221,
					"rttvar":	714,
					"pmtu":	1500,
					"omitted":	false,
					"sender":	true
				}],
			"sum":	{
				"start":	9.004283,
				"end":	10.000525,
				"seconds":	0.9962419867515564,
				"bytes":	0,
				"bits_per_second":	0,
				"retransmits":	1,
				"omitted":	false,
				"sender":	true
			}
		}, {
			"streams":	[{
					"socket":	5,
					"start":	10.000525,
					"end":	11.000528,
					"seconds":	1.0000029802322388,
					"bytes":	0,
					"bits_per_second":	0,
					"retransmits":	0,
					"snd_cwnd":	1448,
					"rtt":	39221,
					"rttvar":	714,
					"pmtu":	1500,
					"omitted":	false,
					"sender":	true
				}],
			"sum":	{
				"start":	10.000525,
				"end":	11.000528,
				"seconds":	1.0000029802322388,
				"bytes":	0,
				"bits_per_second":	0,
				"retransmits":	0,
				"omitted":	false,
				"sender":	true
			}
		}, {
			"streams":	[{
					"socket":	5,
					"start":	11.000528,
					"end":	12.00061,
					"seconds":	1.0000820159912109,
					"bytes":	0,
					"bits_per_second":	0,
					"retransmits":	0,
					"snd_cwnd":	1448,
					"rtt":	39221,
					"rttvar":	714,
					"pmtu":	1500,
					"omitted":	false,
					"sender":	true
				}],
			"sum":	{
				"start":	11.000528,
				"end":	12.00061,
				"seconds":	1.0000820159912109,
				"bytes":	0,
				"bits_per_second":	0,
				"retransmits":	0,
				"omitted":	false,
				"sender":	true
			}
		}, {
			"streams":	[{
					"socket":	5,
					"start":	12.00061,
					"end":	13.00091,
					"seconds":	1.0003000497817993,
					"bytes":	0,
					"bits_per_second":	0,
					"retransmits":	0,
					"snd_cwnd":	1448,
					"rtt":	39221,
					"rttvar":	714,
					"pmtu":	1500,
					"omitted":	false,
					"sender":	true
				}],
			"sum":	{
				"start":	12.00061,
				"end":	13.00091,
				"seconds":	1.0003000497817993,
				"bytes":	0,
				"bits_per_second":	0,
				"retransmits":	0,
				"omitted":	false,
				"sender":	true
			}
		}, {
			"streams":	[{
					"socket":	5,
					"start":	13.00091,
					"end":	14.000536,
					"seconds":	0.99962598085403442,
					"bytes":	0,