{
	"start":	{
		"connected":	[{
				"socket":	5,
				"local_host":	"10.1.0.219",
				"local_port":	55288,
				"remote_host":	"10.0.0.218",
				"remote_port":	5201
			}],
		"version":	"iperf 3.9",
		"system_info":	"Linux agsargsyan-VirtualBox 6.5.0-18-generic #18~22.04.1-Ubuntu SMP PREEMPT_DYNAMIC Wed Feb  7 11:40:03 UTC 2 x86_64",
		"timestamp":	{
			"time":	"Sun, 18 Feb 2024 13:19:14 GMT",
			"timesecs":	1708262354
		},
		"connecting_to":	{
			"host":	"10.0.0.218",
			"port":	5201
		},
		"cookie":	"v37y5iier6k2t5d6tpzzcckc6oegahf4wrjn",
		"tcp_mss_default":	1448,
		"sock_bufsize":	16384,
		"sndbuf_actual":	32768,
		"rcvbuf_actual":	32768,
		"test_start":	{
			"protocol":	"TCP",
			"num_streams":	1,
			"blksize":	131072,
			"omit":	0,
			"duration":	26,
			"bytes":	0,
			"blocks":	0,
			"reverse":	0,
			"tos":	0
		}
	},
	"intervals":	[{
			"streams":	[{
					"socket":	5,
					"start":	0,
					"end":	1.000866,
					"seconds":	1.0008660554885864,
					"bytes":	396752,
					"bits_per_second":	3171269.50463972,
					"retransmits":	0,
					"snd_cwnd":	28960,
					"rtt":	36298,
					"rttvar":	961,
					"pmtu":	1500,
					"omitted":	false,
					"sender":	true
				}],
			"sum":	{
				"start":	0,
				"end":	1.000866,
				"seconds":	1.0008660554885864,
				"bytes":	396752,
				"bits_per_second":	3171269.50463972,
				"retransmits":	0,
				"omitted":	false,
				"sender":	true
			}
		}, {
			"streams":	[{
					"socket":	5,
					"start":	1.000866,
					"end":	2.000238,
					"seconds":	0.99937200546264648,
					"bytes":	376480,
					"bits_per_second":	3013732.6076146262,
					"retransmits":	0,
					"snd_cwnd":	28960,
					"rtt":	37812,
					"rttvar":	1697,
					"pmtu":	1500,
					"omitted":	false,
					"sender":	true
				}],
			"sum":	{
				"start":	1.000866,
				"end":	2.000238,
				"seconds":	0.99937200546264648,
				"bytes":	376480,
				"bits_per_second":	3013732.6076146262,
				"retransmits":	0,
				"omitted":	false,
				"sender":	true
			}
		}, {
			"streams":	[{
					"socket":	5,
					"start":	2.000238,
					"end":	3.004364,
					"seconds":	1.0041259527206421,
					"bytes":	390960,
					"bits_per_second":	3114828.3654313157,
					"retransmits":	0,
					"snd_cwnd":	28960,
					"rtt":	37611,
					"rttvar":	979,
					"pmtu":	1500,
					"omitted":	false,
					"sender":	true
				}],
			"sum":	{
				"start":	2.000238,
				"end":	3.004364,
				"seconds":	1.0041259527206421,
				"bytes":	390960,
				"bits_per_second":	3114828.3654313157,
				"retransmits":	0,
				"omitted":	false,
				"sender":	true
			}
		}, {
			"streams":	[{
					"socket":	5,
					"start":	3.004364,
					"end":	4.00037,
					"seconds":	0.99600601196289062,
					"bytes":	376480,
					"bits_per_second":	3023917.49028139,
					"retransmits":	0,
					"snd_cwnd":	28960,
					"rtt":	37741,
					"rttvar":	883,
					"pmtu":	1500,
					"omitted":	false,
					"sender":	true
				}],
			"sum":	{
				"start":	3.004364,
				"end":	4.00037,
				"seconds":	0.99600601196289062,
				"bytes":	376480,
				"bits_per_second":	3023917.49028139,
				"retransmits":	0,
				"omitted":	false,
				"sender":	true
			}
		}, {
			"streams":	[{
					"socket":	5,
					"start":	4.00037,
					"end":	5.00173,
					"seconds":	1.0013600587844849,
					"bytes":	362000,
					"bits_per_second":	2892066.6193889845,
					"retransmits":	0,
					"snd_cwnd":	28960,
					"rtt":	38058,
					"rttvar":	857,
					"pmtu":	1500,
					"omitted":	false,
					"sender":	true
				}],
			"sum":	{
				"start":	4.00037,
				"end":	5.00173,
				"seconds":	1.0013600587844849,
				"bytes":	362000,
				"bits_per_second":	2892066.6193889845,
				"retransmits":	0,
				"omitted":	false,
				"sender":	true
			}
		}, {
			"streams":	[{
					"socket":	5,
					"start":	5.00173,
					"end":	6.00554,
					"seconds":	1.0038100481033325,
					"bytes":	362000,
					"bits_per_second":	2885007.980814598,
					"retransmits":	0,
					"snd_cwnd":	28960,
					"rtt":	42292,
					"rttvar":	4806,
					"pmtu":	1500,
					"omitted":	false,
					"sender":	true
				}],
			"sum":	{
				"start":	5.00173,
				"end":	6.00554,
				"seconds":	1.0038100481033325,
				"bytes":	362000,
				"bits_per_second":	2885007.980814598,
				"retransmits":	0,
				"omitted":	false,
				"sender":	true
			}
		}, {
			"streams":	[{
					"socket":	5,
					"start":	6.00554,
					"end":	7.000462,
					"seconds":	0.9949219822883606,
					"bytes":	347520,
					"bits_per_second":	2794349.7575614122,
					"retransmits":	0,
					"snd_cwnd":	28960,
					"rtt":	40894,
					"rttvar":	2078,
					"pmtu":	1500,
					"omitted":	false,
					"sender":	true
				}],
			"sum":	{
				"start":	6.00554,
				"end":	7.000462,
				"seconds":	0.9949219822883606,
				"bytes":	347520,
				"bits_per_second":	2794349.7575614122,
				"retransmits":	0,
				"omitted":	false,
				"sender":	true
			}
		}, {
			"streams":	[{
					"socket":	5,
					"start":	7.000462,
					"end":	8.001926,
					"seconds":	1.0014640092849731,
					"bytes":	347520,
					"bits_per_second":	2776095.770016721,
					"retransmits":	0,
					"snd_cwnd":	28960,
					"rtt":	42946,
					"rttvar":	1540,
					"pmtu":	1500,
					"omitted":	false,
					"sender":	true
				}],
			"sum":	{
				"start":	7.000462,
				"end":	8.001926,
				"seconds":	1.0014640092849731,
				"bytes":	347520,
				"bits_per_second":	2776095.770016721,
				"retransmits":	0,
				"omitted":	false,
				"sender":	true
			}
		}, {
			"streams":	[{
					"socket":	5,
					"start":	8.001926,
					"end":	9.00079,
					"seconds":	0.99886399507522583,
					"bytes":	333040,
					"bits_per_second":	2667350.1228756839,
					"retransmits":	0,
					"snd_cwnd":	28960,
					"rtt":	44036,
					"rttvar":	2311,
					"pmtu":	1500,
					"omitted":	false,
					"sender":	true
				}],
			"sum":	{
				"start":	8.001926,
				"end":	9.00079,
				"seconds":	0.99886399507522583,
				"bytes":	333040,
				"bits_per_second":	2667350.1228756839,
				"retransmits":	0,
				"omitted":	false,
				"sender":	true
			}
		}, {
			"streams":	[{
					"socket":	5,
					"start":	9.00079,
					"end":	10.001213,
					"seconds":	1.0004229545593262,
					"bytes":	333040,
					"bits_per_second":	2663193.5901286867,
					"retransmits":	0,
					"snd_cwnd":	28960,
					"rtt":	42274,
					"rttvar":	4267,
					"pmtu":	1500,
					"omitted":	false,
					"sender":	true
				}],
			"sum":	{
				"start":	9.00079,
				"end":	10.001213,
				"seconds":	1.0004229545593262,
				"bytes":	333040,
				"bits_per_second":	2663193.5901286867,
				"retransmits":	0,
				"omitted":	false,
				"sender":	true
			}
		}, {
			"streams":	[{
					"socket":	5,
					"start":	10.001213,
					"end":	11.001272,
					"seconds":	1.0000590085983276,
					"bytes":	333040,
					"bits_per_second":	2664162.7914879578,
					"retransmits":	0,
					"snd_cwnd":	28960,
					"rtt":	41370,
					"rttvar":	2709,
					"pmtu":	1500,
					"omitted":	false,
					"sender":	true
				}],
			"sum":	{
				"start":	10.001213,
				"end":	11.001272,
				"seconds":	1.0000590085983276,
				"bytes":	333040,
				"bits_per_second":	2664162.7914879578,
				"retransmits":	0,
				"omitted":	false,
				"sender":	true
			}
		}, {
			"streams":	[{
					"socket":	5,
					"start":	11.001272,
					"end":	12.000384,
					"seconds":	0.99911201000213623,
					"bytes":	318560,
					"bits_per_second":	2550745.036079139,
					"retransmits":	0,
					"snd_cwnd":	28960,
					"rtt":	45579,
					"rttvar":	15854,
					"pmtu":	1500,
					"omitted":	false,
					"sender":	true
				}],
			"sum":	{
				"start":	11.001272,
				"end":	12.000384,
				"seconds":	0.99911201000213623,
				"bytes":	318560,
				"bits_per_second":	2550745.036079139,
				"retransmits":	0,
				"omitted":	false,
				"sender":	true
			}
		}, {
			"streams":	[{
					"socket":	5,
					"start":	12.000384,
					"end":	13.000445,
					"seconds":	1.00006103515625,
					"bytes":	390960,
					"bits_per_second":	3127489.1132133049,
					"retransmits":	0,
					"snd_cwnd":	28960,
					"rtt":	36678,
					"rttvar":	488,
					"pmtu":	1500,
					"omitted":	false,
					"sender":	true
				}],