{
	"start":	{
		"connected":	[{
				"socket":	5,
				"local_host":	"10.1.0.243",
				"local_port":	33012,
				"remote_host":	"10.0.0.242",
				"remote_port":	5201
			}],
		"version":	"iperf 3.9",
		"system_info":	"Linux agsargsyan-VirtualBox 6.5.0-18-generic #18~22.04.1-Ubuntu SMP PREEMPT_DYNAMIC Wed Feb  7 11:40:03 UTC 2 x86_64",
		"timestamp":	{
			"time":	"Sun, 18 Feb 2024 13:19:14 GMT",
			"timesecs":	1708262354
		},
		"connecting_to":	{
			"host":	"10.0.0.242",
			"port":	5201
		},
		"cookie":	"73uwinhmnf2rkrork73n5gc76iefqvml7ino",
		"tcp_mss_default":	1448,
		"sock_bufsize":	16384,
		"sndbuf_actual":	32768,
		"rcvbuf_actual":	32768,
		"test_start":	{
			"protocol":	"TCP",
			"num_streams":	1,
			"blksize":	131072,
			"omit":	0,
			"duration":	26,
			"bytes":	0,
			"blocks":	0,
			"reverse":	0,
			"tos":	0
		}
	},
	"intervals":	[{
			"streams":	[{
					"socket":	5,
					"start":	0,
					"end":	1.000124,
					"seconds":	1.0001239776611328,
					"bytes":	396752,
					"bits_per_second":	3173622.5416999618,
					"retransmits":	0,
					"snd_cwnd":	28960,
					"rtt":	35871,
					"rttvar":	775,
					"pmtu":	1500,
					"omitted":	false,
					"sender":	true
				}],
			"sum":	{
				"start":	0,
				"end":	1.000124,
				"seconds":	1.0001239776611328,
				"bytes":	396752,
				"bits_per_second":	3173622.5416999618,
				"retransmits":	0,
				"omitted":	false,
				"sender":	true
			}
		}, {
			"streams":	[{
					"socket":	5,
					"start":	1.000124,
					"end":	2.000174,
					"seconds":	1.0000499486923218,
					"bytes":	376480,
					"bits_per_second":	3011689.5700442973,
					"retransmits":	0,
					"snd_cwnd":	28960,
					"rtt":	38387,
					"rttvar":	1703,
					"pmtu":	1500,
					"omitted":	false,
					"sender":	true
				}],
			"sum":	{
				"start":	1.000124,
				"end":	2.000174,
				"seconds":	1.0000499486923218,
				"bytes":	376480,
				"bits_per_second":	3011689.5700442973,
				"retransmits":	0,
				"omitted":	false,
				"sender":	true
			}
		}, {
			"streams":	[{
					"socket":	5,
					"start":	2.000174,
					"end":	3.001528,
					"seconds":	1.0013539791107178,
					"bytes":	376480,
					"bits_per_second":	3007767.5455733989,
					"retransmits":	0,
					"snd_cwnd":	28960,
					"rtt":	37810,
					"rttvar":	736,
					"pmtu":	1500,
					"omitted":	false,
					"sender":	true
				}],
			"sum":	{
				"start":	2.000174,
				"end":	3.001528,
				"seconds":	1.0013539791107178,
				"bytes":	376480,
				"bits_per_second":	3007767.5455733989,
				"retransmits":	0,
				"omitted":	false,
				"sender":	true
			}
		}, {
			"streams":	[{
					"socket":	5,
					"start":	3.001528,
					"end":	4.001164,
					"seconds":	0.99963599443435669,
					"bytes":	390960,
					"bits_per_second":	3128818.9074962186,
					"retransmits":	0,
					"snd_cwnd":	28960,
					"rtt":	37951,
					"rttvar":	1191,
					"pmtu":	1500,
					"omitted":	false,
					"sender":	true
				}],
			"sum":	{
				"start":	3.001528,
				"end":	4.001164,
				"seconds":	0.99963599443435669,
				"bytes":	390960,
				"bits_per_second":	3128818.9074962186,
				"retransmits":	0,
				"omitted":	false,
				"sender":	true
			}
		}, {
			"streams":	[{
					"socket":	5,
					"start":	4.001164,
					"end":	5.00088,
					"seconds":	0.99971598386764526,
					"bytes":	362000,
					"bits_per_second":	2896822.74439198,
					"retransmits":	0,
					"snd_cwnd":	28960,
					"rtt":	38407,
					"rttvar":	1298,
					"pmtu":	1500,
					"omitted":	false,
					"sender":	true
				}],
			"sum":	{
				"start":	4.001164,
				"end":	5.00088,
				"seconds":	0.99971598386764526,
				"bytes":	362000,
				"bits_per_second":	2896822.74439198,
				"retransmits":	0,
				"omitted":	false,
				"sender":	true
			}
		}, {
			"streams":	[{
					"socket":	5,
					"start":	5.00088,
					"end":	6.003786,
					"seconds":	1.0029059648513794,
					"bytes":	362000,
					"bits_per_second":	2887608.71058251,
					"retransmits":	0,
					"snd_cwnd":	28960,
					"rtt":	41009,
					"rttvar":	4956,
					"pmtu":	1500,
					"omitted":	false,
					"sender":	true
				}],
			"sum":	{
				"start":	5.00088,
				"end":	6.003786,
				"seconds":	1.0029059648513794,
				"bytes":	362000,
				"bits_per_second":	2887608.71058251,
				"retransmits":	0,
				"omitted":	false,
				"sender":	true
			}
		}, {
			"streams":	[{
					"socket":	5,
					"start":	6.003786,
					"end":	7.002719,
					"seconds":	0.99893301725387573,
					"bytes":	347520,
					"bits_per_second":	2783129.5512113711,
					"retransmits":	0,
					"snd_cwnd":	28960,
					"rtt":	41041,
					"rttvar":	2951,
					"pmtu":	1500,
					"omitted":	false,
					"sender":	true
				}],
			"sum":	{
				"start":	6.003786,
				"end":	7.002719,
				"seconds":	0.99893301725387573,
				"bytes":	347520,
				"bits_per_second":	2783129.5512113711,
				"retransmits":	0,
				"omitted":	false,
				"sender":	true
			}
		}, {
			"streams":	[{
					"socket":	5,
					"start":	7.002719,
					"end":	8.000929,
					"seconds":	0.99821001291275024,
					"bytes":	347520,
					"bits_per_second":	2785145.3742560316,
					"retransmits":	0,
					"snd_cwnd":	28960,
					"rtt":	41954,
					"rttvar":	2475,
					"pmtu":	1500,
					"omitted":	false,
					"sender":	true
				}],
			"sum":	{
				"start":	7.002719,
				"end":	8.000929,
				"seconds":	0.99821001291275024,
				"bytes":	347520,
				"bits_per_second":	2785145.3742560316,
				"retransmits":	0,
				"omitted":	false,
				"sender":	true
			}
		}, {
			"streams":	[{
					"socket":	5,
					"start":	8.000929,
					"end":	9.000171,
					"seconds":	0.99924200773239136,
					"bytes":	318560,
					"bits_per_second":	2550413.1934798649,
					"retransmits":	0,
					"snd_cwnd":	28960,
					"rtt":	45871,
					"rttvar":	2527,
					"pmtu":	1500,
					"omitted":	false,
					"sender":	true
				}],
			"sum":	{
				"start":	8.000929,
				"end":	9.000171,
				"seconds":	0.99924200773239136,
				"bytes":	318560,
				"bits_per_second":	2550413.1934798649,
				"retransmits":	0,
				"omitted":	false,
				"sender":	true
			}
		}, {
			"streams":	[{
					"socket":	5,
					"start":	9.000171,
					"end":	10.000598,
					"seconds":	1.0004270076751709,
					"bytes":	347520,
					"bits_per_second":	2778973.3570474451,
					"retransmits":	0,
					"snd_cwnd":	28960,
					"rtt":	43475,
					"rttvar":	4103,
					"pmtu":	1500,
					"omitted":	false,
					"sender":	true
				}],
			"sum":	{
				"start":	9.000171,
				"end":	10.000598,
				"seconds":	1.0004270076751709,
				"bytes":	347520,
				"bits_per_second":	2778973.3570474451,
				"retransmits":	0,
				"omitted":	false,
				"sender":	true
			}
		}, {
			"streams":	[{
					"socket":	5,
					"start":	10.000598,
					"end":	11.001481,
					"seconds":	1.0008829832077026,
					"bytes":	333040,
					"bits_per_second":	2661969.5256094709,
					"retransmits":	0,
					"snd_cwnd":	28960,
					"rtt":	42357,
					"rttvar":	1584,
					"pmtu":	1500,
					"omitted":	false,
					"sender":	true
				}],
			"sum":	{
				"start":	10.000598,
				"end":	11.001481,
				"seconds":	1.0008829832077026,
				"bytes":	333040,
				"bits_per_second":	2661969.5256094709,
				"retransmits":	0,
				"omitted":	false,
				"sender":	true
			}
		}, {
			"streams":	[{
					"socket":	5,
					"start":	11.001481,
					"end":	12.002197,
					"seconds":	1.000715970993042,
					"bytes":	318560,
					"bits_per_second":	2546656.667696692,
					"retransmits":	0,
					"snd_cwnd":	28960,
					"rtt":	49577,
					"rttvar":	23471,
					"pmtu":	1500,
					"omitted":	false,
					"sender":	true
				}],
			"sum":	{
				"start":	11.001481,
				"end":	12.002197,
				"seconds":	1.000715970993042,
				"bytes":	318560,
				"bits_per_second":	2546656.667696692,
				"retransmits":	0,
				"omitted":	false,
				"sender":	true
			}
		}, {
			"streams":	[{
					"socket":	5,
					"start":	12.002197,
					"end":	13.000855,
					"seconds":	0.998658001422882,
					"bytes":	376480,
					"bits_per_second":	3015887.3164874744,
					"retransmits":	0,
					"snd_cwnd":	28960,
					"rtt":	36978,
					"rttvar":	589,
					"pmtu":	1500,
					"omitted":	false,