{
	"start":	{
		"connected":	[{
				"socket":	5,
				"local_host":	"10.0.0.243",
				"local_port":	55530,
				"remote_host":	"10.1.0.242",
				"remote_port":	5201
			}],
		"version":	"iperf 3.9",
		"system_info":	"Linux agsargsyan-VirtualBox 6.5.0-21-generic #21~22.04.1-Ubuntu SMP PREEMPT_DYNAMIC Fri Feb  9 13:32:52 UTC 2 x86_64",
		"timestamp":	{
			"time":	"Sun, 25 Feb 2024 14:10:49 GMT",
			"timesecs":	1708870249
		},
		"connecting_to":	{
			"host":	"10.1.0.242",
			"port":	5201
		},
		"cookie":	"awoj5jewgoedi3jpnjigimzvjqbkpqu5libc",
		"tcp_mss_default":	1448,
		"sock_bufsize":	0,
		"sndbuf_actual":	87380,
		"rcvbuf_actual":	87380,
		"test_start":	{
			"protocol":	"TCP",
			"num_streams":	1,
			"blksize":	131072,
			"omit":	0,
			"duration":	26,
			"bytes":	0,
			"blocks":	0,
			"reverse":	0,
			"tos":	0
		}
	},
	"intervals":	[{
			"streams":	[{
					"socket":	5,
					"start":	0,
					"end":	1.000442,
					"seconds":	1.0004420280456543,
					"bytes":	44635152,
					"bits_per_second":	356923445.826793,
					"retransmits":	5344,
					"snd_cwnd":	1946112,
					"rtt":	39414,
					"rttvar":	856,
					"pmtu":	1500,
					"omitted":	false,
					"sender":	true
				}],
			"sum":	{
				"start":	0,
				"end":	1.000442,
				"seconds":	1.0004420280456543,
				"bytes":	44635152,
				"bits_per_second":	356923445.826793,
				"retransmits":	5344,
				"omitted":	false,
				"sender":	true
			}
		}, {
			"streams":	[{
					"socket":	5,
					"start":	1.000442,
					"end":	2.000233,
					"seconds":	0.99979102611541748,
					"bytes":	22282240,
					"bits_per_second":	178295179.03616554,
					"retransmits":	279,
					"snd_cwnd":	244712,
					"rtt":	37835,
					"rttvar":	1807,
					"pmtu":	1500,
					"omitted":	false,
					"sender":	true
				}],
			"sum":	{
				"start":	1.000442,
				"end":	2.000233,
				"seconds":	0.99979102611541748,
				"bytes":	22282240,
				"bits_per_second":	178295179.03616554,
				"retransmits":	279,
				"omitted":	false,
				"sender":	true
			}
		}, {
			"streams":	[{
					"socket":	5,
					"start":	2.000233,
					"end":	3.000129,
					"seconds":	0.999895989894867,
					"bytes":	5242880,
					"bits_per_second":	41947402.953791283,
					"retransmits":	48,
					"snd_cwnd":	62264,
					"rtt":	36759,
					"rttvar":	617,
					"pmtu":	1500,
					"omitted":	false,
					"sender":	true
				}],
			"sum":	{
				"start":	2.000233,
				"end":	3.000129,
				"seconds":	0.999895989894867,
				"bytes":	5242880,
				"bits_per_second":	41947402.953791283,
				"retransmits":	48,
				"omitted":	false,
				"sender":	true
			}
		}, {
			"streams":	[{
					"socket":	5,
					"start":	3.000129,
					"end":	4.002064,
					"seconds":	1.0019350051879883,
					"bytes":	0,
					"bits_per_second":	0,
					"retransmits":	18,
					"snd_cwnd":	13032,
					"rtt":	36912,
					"rttvar":	613,
					"pmtu":	1500,
					"omitted":	false,
					"sender":	true
				}],
			"sum":	{
				"start":	3.000129,
				"end":	4.002064,
				"seconds":	1.0019350051879883,
				"bytes":	0,
				"bits_per_second":	0,
				"retransmits":	18,
				"omitted":	false,
				"sender":	true
			}
		}, {
			"streams":	[{
					"socket":	5,
					"start":	4.002064,
					"end":	5.00219,
					"seconds":	1.0001260042190552,
					"bytes":	1310720,
					"bits_per_second":	10484438.9164621,
					"retransmits":	4,
					"snd_cwnd":	18824,
					"rtt":	38317,
					"rttvar":	1261,
					"pmtu":	1500,
					"omitted":	false,
					"sender":	true
				}],
			"sum":	{
				"start":	4.002064,
				"end":	5.00219,
				"seconds":	1.0001260042190552,
				"bytes":	1310720,
				"bits_per_second":	10484438.9164621,
				"retransmits":	4,
				"omitted":	false,
				"sender":	true
			}
		}, {
			"streams":	[{
					"socket":	5,
					"start":	5.00219,
					"end":	6.00105,
					"seconds":	0.998860001564026,
					"bytes":	0,
					"bits_per_second":	0,
					"retransmits":	5,
					"snd_cwnd":	17376,
					"rtt":	38487,
					"rttvar":	696,
					"pmtu":	1500,
					"omitted":	false,
					"sender":	true
				}],
			"sum":	{
				"start":	5.00219,
				"end":	6.00105,
				"seconds":	0.998860001564026,
				"bytes":	0,
				"bits_per_second":	0,
				"retransmits":	5,
				"omitted":	false,
				"sender":	true
			}
		}, {
			"streams":	[{
					"socket":	5,
					"start":	6.00105,
					"end":	7.000569,
					"seconds":	0.9995189905166626,
					"bytes":	0,
					"bits_per_second":	0,
					"retransmits":	2,
					"snd_cwnd":	1448,
					"rtt":	38487,
					"rttvar":	696,
					"pmtu":	1500,
					"omitted":	false,
					"sender":	true
				}],
			"sum":	{
				"start":	6.00105,
				"end":	7.000569,
				"seconds":	0.9995189905166626,
				"bytes":	0,
				"bits_per_second":	0,
				"retransmits":	2,
				"omitted":	false,
				"sender":	true
			}
		}, {
			"streams":	[{
					"socket":	5,
					"start":	7.000569,
					"end":	8.002598,
					"seconds":	1.0020289421081543,
					"bytes":	0,
					"bits_per_second":	0,
					"retransmits":	1,
					"snd_cwnd":	1448,
					"rtt":	38487,
					"rttvar":	696,
					"pmtu":	1500,
					"omitted":	false,
					"sender":	true
				}],
			"sum":	{
				"start":	7.000569,
				"end":	8.002598,
				"seconds":	1.0020289421081543,
				"bytes":	0,
				"bits_per_second":	0,
				"retransmits":	1,
				"omitted":	false,
				"sender":	true
			}
		}, {
			"streams":	[{
					"socket":	5,
					"start":	8.002598,
					"end":	9.004691,
					"seconds":	1.0020929574966431,
					"bytes":	0,
					"bits_per_second":	0,
					"retransmits":	0,
					"snd_cwnd":	1448,
					"rtt":	38487,
					"rttvar":	696,
					"pmtu":	1500,
					"omitted":	false,
					"sender":	true
				}],
			"sum":	{
				"start":	8.002598,
				"end":	9.004691,
				"seconds":	1.0020929574966431,
				"bytes":	0,
				"bits_per_second":	0,
				"retransmits":	0,
				"omitted":	false,
				"sender":	true
			}
		}, {
			"streams":	[{
					"socket":	5,
					"start":	9.004691,
					"end":	10.00108,
					"seconds":	0.99638897180557251,
					"bytes":	0,
					"bits_per_second":	0,
					"retransmits":	1,
					"snd_cwnd":	1448,
					"rtt":	38487,
					"rttvar":	696,
					"pmtu":	1500,
					"omitted":	false,
					"sender":	true
				}],
			"sum":	{
				"start":	9.004691,
				"end":	10.00108,
				"seconds":	0.99638897180557251,
				"bytes":	0,
				"bits_per_second":	0,
				"retransmits":	1,
				"omitted":	false,
				"sender":	true
			}
		}, {
			"streams":	[{
					"socket":	5,
					"start":	10.00108,
					"end":	11.001002,
					"seconds":	0.999921977519989,
					"bytes":	0,
					"bits_per_second":	0,
					"retransmits":	0,
					"snd_cwnd":	1448,
					"rtt":	38487,
					"rttvar":	696,
					"pmtu":	1500,
					"omitted":	false,
					"sender":	true
				}],
			"sum":	{
				"start":	10.00108,
				"end":	11.001002,
				"seconds":	0.999921977519989,
				"bytes":	0,
				"bits_per_second":	0,
				"retransmits":	0,
				"omitted":	false,
				"sender":	true
			}
		}, {
			"streams":	[{
					"socket":	5,
					"start":	11.001002,
					"end":	12.002383,
					"seconds":	1.0013810396194458,
					"bytes":	0,
					"bits_per_second":	0,
					"retransmits":	0,
					"snd_cwnd":	1448,
					"rtt":	38487,
					"rttvar":	696,
					"pmtu":	1500,
					"omitted":	false,
					"sender":	true
				}],
			"sum":	{
				"start":	11.001002,
				"end":	12.002383,
				"seconds":	1.0013810396194458,
				"bytes":	0,
				"bits_per_second":	0,
				"retransmits":	0,
				"omitted":	false,
				"sender":	true
			}
		}, {
			"streams":	[{
					"socket":	5,
					"start":	12.002383,
					"end":	13.01452,
					"seconds":	1.0121370553970337,
					"bytes":	0,
					"bits_per_second":	0,
					"retransmits":	0,
					"snd_cwnd":	1448,
					"rtt":	38487,
					"rttvar":	696,
					"pmtu":	1500,
					"omitted":	false,
					"sender":	true
				}],
			"sum":	{
				"start":	12.002383,
				"end":	13.01452,
				"seconds":	1.0121370553970337,
				"bytes":	0,
				"bits_per_second":	0,
				"retransmits":	0,
				"omitted":	false,
				"sender":	true
			}
		}, {
			"streams":	[{
					"socket":	5,
					"start":	13.01452,
					"end":	14.000594,
					"seconds":	0.98607397079467773,
					"bytes":	0,