{
	"start":	{
		"connected":	[{
				"socket":	5,
				"local_host":	"10.0.0.237",
				"local_port":	53640,
				"remote_host":	"10.1.0.236",
				"remote_port":	5201
			}],
		"version":	"iperf 3.9",
		"system_info":	"Linux agsargsyan-VirtualBox 6.5.0-21-generic #21~22.04.1-Ubuntu SMP PREEMPT_DYNAMIC Fri Feb  9 13:32:52 UTC 2 x86_64",
		"timestamp":	{
			"time":	"Sun, 25 Feb 2024 14:10:49 GMT",
			"timesecs":	1708870249
		},
		"connecting_to":	{
			"host":	"10.1.0.236",
			"port":	5201
		},
		"cookie":	"k333depuvvsp63yay2yrgpxod6vcegy6cjk4",
		"tcp_mss_default":	1448,
		"sock_bufsize":	0,
		"sndbuf_actual":	87380,
		"rcvbuf_actual":	87380,
		"test_start":	{
			"protocol":	"TCP",
			"num_streams":	1,
			"blksize":	131072,
			"omit":	0,
			"duration":	26,
			"bytes":	0,
			"blocks":	0,
			"reverse":	0,
			"tos":	0
		}
	},
	"intervals":	[{
			"streams":	[{
					"socket":	5,
					"start":	0,
					"end":	1.000029,
					"seconds":	1.0000289678573608,
					"bytes":	7959656,
					"bits_per_second":	63675403.45999518,
					"retransmits":	73,
					"snd_cwnd":	97016,
					"rtt":	35672,
					"rttvar":	97,
					"pmtu":	1500,
					"omitted":	false,
					"sender":	true
				}],
			"sum":	{
				"start":	0,
				"end":	1.000029,
				"seconds":	1.0000289678573608,
				"bytes":	7959656,
				"bits_per_second":	63675403.45999518,
				"retransmits":	73,
				"omitted":	false,
				"sender":	true
			}
		}, {
			"streams":	[{
					"socket":	5,
					"start":	1.000029,
					"end":	2.000966,
					"seconds":	1.0009369850158691,
					"bytes":	781920,
					"bits_per_second":	6249504.3081066944,
					"retransmits":	19,
					"snd_cwnd":	30408,
					"rtt":	36244,
					"rttvar":	400,
					"pmtu":	1500,
					"omitted":	false,
					"sender":	true
				}],
			"sum":	{
				"start":	1.000029,
				"end":	2.000966,
				"seconds":	1.0009369850158691,
				"bytes":	781920,
				"bits_per_second":	6249504.3081066944,
				"retransmits":	19,
				"omitted":	false,
				"sender":	true
			}
		}, {
			"streams":	[{
					"socket":	5,
					"start":	2.000966,
					"end":	3.001456,
					"seconds":	1.0004899501800537,
					"bytes":	781920,
					"bits_per_second":	6252296.68611289,
					"retransmits":	9,
					"snd_cwnd":	15928,
					"rtt":	36548,
					"rttvar":	413,
					"pmtu":	1500,
					"omitted":	false,
					"sender":	true
				}],
			"sum":	{
				"start":	2.000966,
				"end":	3.001456,
				"seconds":	1.0004899501800537,
				"bytes":	781920,
				"bits_per_second":	6252296.68611289,
				"retransmits":	9,
				"omitted":	false,
				"sender":	true
			}
		}, {
			"streams":	[{
					"socket":	5,
					"start":	3.001456,
					"end":	4.000262,
					"seconds":	0.99880599975585938,
					"bytes":	781920,
					"bits_per_second":	6262837.82989791,
					"retransmits":	7,
					"snd_cwnd":	11584,
					"rtt":	36664,
					"rttvar":	342,
					"pmtu":	1500,
					"omitted":	false,
					"sender":	true
				}],
			"sum":	{
				"start":	3.001456,
				"end":	4.000262,
				"seconds":	0.99880599975585938,
				"bytes":	781920,
				"bits_per_second":	6262837.82989791,
				"retransmits":	7,
				"omitted":	false,
				"sender":	true
			}
		}, {
			"streams":	[{
					"socket":	5,
					"start":	4.000262,
					"end":	5.003826,
					"seconds":	1.0035640001297,
					"bytes":	0,
					"bits_per_second":	0,
					"retransmits":	0,
					"snd_cwnd":	30408,
					"rtt":	36891,
					"rttvar":	393,
					"pmtu":	1500,
					"omitted":	false,
					"sender":	true
				}],
			"sum":	{
				"start":	4.000262,
				"end":	5.003826,
				"seconds":	1.0035640001297,
				"bytes":	0,
				"bits_per_second":	0,
				"retransmits":	0,
				"omitted":	false,
				"sender":	true
			}
		}, {
			"streams":	[{
					"socket":	5,
					"start":	5.003826,
					"end":	6.000906,
					"seconds":	0.99708002805709839,
					"bytes":	781920,
					"bits_per_second":	6273678.96656113,
					"retransmits":	8,
					"snd_cwnd":	15928,
					"rtt":	39724,
					"rttvar":	3862,
					"pmtu":	1500,
					"omitted":	false,
					"sender":	true
				}],
			"sum":	{
				"start":	5.003826,
				"end":	6.000906,
				"seconds":	0.99708002805709839,
				"bytes":	781920,
				"bits_per_second":	6273678.96656113,
				"retransmits":	8,
				"omitted":	false,
				"sender":	true
			}
		}, {
			"streams":	[{
					"socket":	5,
					"start":	6.000906,
					"end":	7.001285,
					"seconds":	1.0003789663314819,
					"bytes":	0,
					"bits_per_second":	0,
					"retransmits":	2,
					"snd_cwnd":	1448,
					"rtt":	39724,
					"rttvar":	3862,
					"pmtu":	1500,
					"omitted":	false,
					"sender":	true
				}],
			"sum":	{
				"start":	6.000906,
				"end":	7.001285,
				"seconds":	1.0003789663314819,
				"bytes":	0,
				"bits_per_second":	0,
				"retransmits":	2,
				"omitted":	false,
				"sender":	true
			}
		}, {
			"streams":	[{
					"socket":	5,
					"start":	7.001285,
					"end":	8.00105,
					"seconds":	0.99976497888565063,
					"bytes":	0,
					"bits_per_second":	0,
					"retransmits":	1,
					"snd_cwnd":	1448,
					"rtt":	39724,
					"rttvar":	3862,
					"pmtu":	1500,
					"omitted":	false,
					"sender":	true
				}],
			"sum":	{
				"start":	7.001285,
				"end":	8.00105,
				"seconds":	0.99976497888565063,
				"bytes":	0,
				"bits_per_second":	0,
				"retransmits":	1,
				"omitted":	false,
				"sender":	true
			}
		}, {
			"streams":	[{
					"socket":	5,
					"start":	8.00105,
					"end":	9.007433,
					"seconds":	1.006382942199707,
					"bytes":	0,
					"bits_per_second":	0,
					"retransmits":	0,
					"snd_cwnd":	1448,
					"rtt":	39724,
					"rttvar":	3862,
					"pmtu":	1500,
					"omitted":	false,
					"sender":	true
				}],
			"sum":	{
				"start":	8.00105,
				"end":	9.007433,
				"seconds":	1.006382942199707,
				"bytes":	0,
				"bits_per_second":	0,
				"retransmits":	0,
				"omitted":	false,
				"sender":	true
			}
		}, {
			"streams":	[{
					"socket":	5,
					"start":	9.007433,
					"end":	10.001146,
					"seconds":	0.99371302127838135,
					"bytes":	0,
					"bits_per_second":	0,
					"retransmits":	1,
					"snd_cwnd":	1448,
					"rtt":	39724,
					"rttvar":	3862,
					"pmtu":	1500,
					"omitted":	false,
					"sender":	true
				}],
			"sum":	{
				"start":	9.007433,
				"end":	10.001146,
				"seconds":	0.99371302127838135,
				"bytes":	0,
				"bits_per_second":	0,
				"retransmits":	1,
				"omitted":	false,
				"sender":	true
			}
		}, {
			"streams":	[{
					"socket":	5,
					"start":	10.001146,
					"end":	11.001895,
					"seconds":	1.0007489919662476,
					"bytes":	0,
					"bits_per_second":	0,
					"retransmits":	0,
					"snd_cwnd":	1448,
					"rtt":	39724,
					"rttvar":	3862,
					"pmtu":	1500,
					"omitted":	false,
					"sender":	true
				}],
			"sum":	{
				"start":	10.001146,
				"end":	11.001895,
				"seconds":	1.0007489919662476,
				"bytes":	0,
				"bits_per_second":	0,
				"retransmits":	0,
				"omitted":	false,
				"sender":	true
			}
		}, {
			"streams":	[{
					"socket":	5,
					"start":	11.001895,
					"end":	12.002158,
					"seconds":	1.000262975692749,
					"bytes":	0,
					"bits_per_second":	0,
					"retransmits":	0,
					"snd_cwnd":	1448,
					"rtt":	39724,
					"rttvar":	3862,
					"pmtu":	1500,
					"omitted":	false,
					"sender":	true
				}],
			"sum":	{
				"start":	11.001895,
				"end":	12.002158,
				"seconds":	1.000262975692749,
				"bytes":	0,
				"bits_per_second":	0,
				"retransmits":	0,
				"omitted":	false,
				"sender":	true
			}
		}, {
			"streams":	[{
					"socket":	5,
					"start":	12.002158,
					"end":	13.017336,
					"seconds":	1.0151779651641846,
					"bytes":	0,
					"bits_per_second":	0,
					"retransmits":	0,
					"snd_cwnd":	1448,
					"rtt":	39724,
					"rttvar":	3862,
					"pmtu":	1500,
					"omitted":	false,
					"sender":	true
				}],
			"sum":	{
				"start":	12.002158,
				"end":	13.017336,
				"seconds":	1.0151779651641846,
				"bytes":	0,
				"bits_per_second":	0,
				"retransmits":	0,
				"omitted":	false,
				"sender":	true
			}
		}, {
			"streams":	[{
					"socket":	5,
					"start":	13.017336,
					"end":	14.001875,
					"seconds":	0.984538972377777,