{
	"start":	{
		"connected":	[{
				"socket":	5,
				"local_host":	"10.1.0.237",
				"local_port":	49240,
				"remote_host":	"10.0.0.236",
				"remote_port":	5201
			}],
		"version":	"iperf 3.9",
		"system_info":	"Linux agsargsyan-VirtualBox 6.5.0-18-generic #18~22.04.1-Ubuntu SMP PREEMPT_DYNAMIC Wed Feb  7 11:40:03 UTC 2 x86_64",
		"timestamp":	{
			"time":	"Sun, 18 Feb 2024 13:19:15 GMT",
			"timesecs":	1708262355
		},
		"connecting_to":	{
			"host":	"10.0.0.236",
			"port":	5201
		},
		"cookie":	"upt4yy2akdvx66pbkul23fjf2yjcjg6k3hry",
		"tcp_mss_default":	1448,
		"sock_bufsize":	16384,
		"sndbuf_actual":	32768,
		"rcvbuf_actual":	32768,
		"test_start":	{
			"protocol":	"TCP",
			"num_streams":	1,
			"blksize":	131072,
			"omit":	0,
			"duration":	26,
			"bytes":	0,
			"blocks":	0,
			"reverse":	0,
			"tos":	0
		}
	},
	"intervals":	[{
			"streams":	[{
					"socket":	5,
					"start":	0,
					"end":	1.001457,
					"seconds":	1.0014569759368896,
					"bytes":	380824,
					"bits_per_second":	3042159.6465987288,
					"retransmits":	0,
					"snd_cwnd":	28960,
					"rtt":	39383,
					"rttvar":	1583,
					"pmtu":	1500,
					"omitted":	false,
					"sender":	true
				}],
			"sum":	{
				"start":	0,
				"end":	1.001457,
				"seconds":	1.0014569759368896,
				"bytes":	380824,
				"bits_per_second":	3042159.6465987288,
				"retransmits":	0,
				"omitted":	false,
				"sender":	true
			}
		}, {
			"streams":	[{
					"socket":	5,
					"start":	1.001457,
					"end":	2.000315,
					"seconds":	0.99885797500610352,
					"bytes":	376480,
					"bits_per_second":	3015283.5291539785,
					"retransmits":	0,
					"snd_cwnd":	28960,
					"rtt":	37926,
					"rttvar":	813,
					"pmtu":	1500,
					"omitted":	false,
					"sender":	true
				}],
			"sum":	{
				"start":	1.001457,
				"end":	2.000315,
				"seconds":	0.99885797500610352,
				"bytes":	376480,
				"bits_per_second":	3015283.5291539785,
				"retransmits":	0,
				"omitted":	false,
				"sender":	true
			}
		}, {
			"streams":	[{
					"socket":	5,
					"start":	2.000315,
					"end":	3.000807,
					"seconds":	1.0004919767379761,
					"bytes":	376480,
					"bits_per_second":	3010358.9734121235,
					"retransmits":	0,
					"snd_cwnd":	28960,
					"rtt":	37933,
					"rttvar":	1455,
					"pmtu":	1500,
					"omitted":	false,
					"sender":	true
				}],
			"sum":	{
				"start":	2.000315,
				"end":	3.000807,
				"seconds":	1.0004919767379761,
				"bytes":	376480,
				"bits_per_second":	3010358.9734121235,
				"retransmits":	0,
				"omitted":	false,
				"sender":	true
			}
		}, {
			"streams":	[{
					"socket":	5,
					"start":	3.000807,
					"end":	4.000129,
					"seconds":	0.99932199716568,
					"bytes":	376480,
					"bits_per_second":	3013883.4215020887,
					"retransmits":	0,
					"snd_cwnd":	28960,
					"rtt":	38430,
					"rttvar":	792,
					"pmtu":	1500,
					"omitted":	false,
					"sender":	true
				}],
			"sum":	{
				"start":	3.000807,
				"end":	4.000129,
				"seconds":	0.99932199716568,
				"bytes":	376480,
				"bits_per_second":	3013883.4215020887,
				"retransmits":	0,
				"omitted":	false,
				"sender":	true
			}
		}, {
			"streams":	[{
					"socket":	5,
					"start":	4.000129,
					"end":	5.003409,
					"seconds":	1.00328004360199,
					"bytes":	347520,
					"bits_per_second":	2771070.7670598445,
					"retransmits":	0,
					"snd_cwnd":	28960,
					"rtt":	41976,
					"rttvar":	5626,
					"pmtu":	1500,
					"omitted":	false,
					"sender":	true
				}],
			"sum":	{
				"start":	4.000129,
				"end":	5.003409,
				"seconds":	1.00328004360199,
				"bytes":	347520,
				"bits_per_second":	2771070.7670598445,
				"retransmits":	0,
				"omitted":	false,
				"sender":	true
			}
		}, {
			"streams":	[{
					"socket":	5,
					"start":	5.003409,
					"end":	6.000271,
					"seconds":	0.99686199426651,
					"bytes":	347520,
					"bits_per_second":	2788911.6206558147,
					"retransmits":	0,
					"snd_cwnd":	28960,
					"rtt":	42482,
					"rttvar":	2741,
					"pmtu":	1500,
					"omitted":	false,
					"sender":	true
				}],
			"sum":	{
				"start":	5.003409,
				"end":	6.000271,
				"seconds":	0.99686199426651,
				"bytes":	347520,
				"bits_per_second":	2788911.6206558147,
				"retransmits":	0,
				"omitted":	false,
				"sender":	true
			}
		}, {
			"streams":	[{
					"socket":	5,
					"start":	6.000271,
					"end":	7.000327,
					"seconds":	1.0000560283660889,
					"bytes":	362000,
					"bits_per_second":	2895837.7509423564,
					"retransmits":	0,
					"snd_cwnd":	28960,
					"rtt":	41940,
					"rttvar":	2438,
					"pmtu":	1500,
					"omitted":	false,
					"sender":	true
				}],
			"sum":	{
				"start":	6.000271,
				"end":	7.000327,
				"seconds":	1.0000560283660889,
				"bytes":	362000,
				"bits_per_second":	2895837.7509423564,
				"retransmits":	0,
				"omitted":	false,
				"sender":	true
			}
		}, {
			"streams":	[{
					"socket":	5,
					"start":	7.000327,
					"end":	8.002219,
					"seconds":	1.0018919706344604,
					"bytes":	318560,
					"bits_per_second":	2543667.4558696621,
					"retransmits":	0,
					"snd_cwnd":	28960,
					"rtt":	46424,
					"rttvar":	1942,
					"pmtu":	1500,
					"omitted":	false,
					"sender":	true
				}],
			"sum":	{
				"start":	7.000327,
				"end":	8.002219,
				"seconds":	1.0018919706344604,
				"bytes":	318560,
				"bits_per_second":	2543667.4558696621,
				"retransmits":	0,
				"omitted":	false,
				"sender":	true
			}
		}, {
			"streams":	[{
					"socket":	5,
					"start":	8.002219,
					"end":	9.007495,
					"seconds":	1.0052759647369385,
					"bytes":	333040,
					"bits_per_second":	2650336.9158907542,
					"retransmits":	0,
					"snd_cwnd":	28960,
					"rtt":	43788,
					"rttvar":	6683,
					"pmtu":	1500,
					"omitted":	false,
					"sender":	true
				}],
			"sum":	{
				"start":	8.002219,
				"end":	9.007495,
				"seconds":	1.0052759647369385,
				"bytes":	333040,
				"bits_per_second":	2650336.9158907542,
				"retransmits":	0,
				"omitted":	false,
				"sender":	true
			}
		}, {
			"streams":	[{
					"socket":	5,
					"start":	9.007495,
					"end":	10.000134,
					"seconds":	0.99263900518417358,
					"bytes":	347520,
					"bits_per_second":	2800776.5013064048,
					"retransmits":	0,
					"snd_cwnd":	28960,
					"rtt":	42827,
					"rttvar":	2496,
					"pmtu":	1500,
					"omitted":	false,
					"sender":	true
				}],
			"sum":	{
				"start":	9.007495,
				"end":	10.000134,
				"seconds":	0.99263900518417358,
				"bytes":	347520,
				"bits_per_second":	2800776.5013064048,
				"retransmits":	0,
				"omitted":	false,
				"sender":	true
			}
		}, {
			"streams":	[{
					"socket":	5,
					"start":	10.000134,
					"end":	11.000458,
					"seconds":	1.000324010848999,
					"bytes":	304080,
					"bits_per_second":	2431852.0535514886,
					"retransmits":	0,
					"snd_cwnd":	28960,
					"rtt":	53457,
					"rttvar":	29256,
					"pmtu":	1500,
					"omitted":	false,
					"sender":	true
				}],
			"sum":	{
				"start":	10.000134,
				"end":	11.000458,
				"seconds":	1.000324010848999,
				"bytes":	304080,
				"bits_per_second":	2431852.0535514886,
				"retransmits":	0,
				"omitted":	false,
				"sender":	true
			}
		}, {
			"streams":	[{
					"socket":	5,
					"start":	11.000458,
					"end":	12.0001,
					"seconds":	0.999642014503479,
					"bytes":	390960,
					"bits_per_second":	3128800.0650448,
					"retransmits":	0,
					"snd_cwnd":	28960,
					"rtt":	37031,
					"rttvar":	389,
					"pmtu":	1500,
					"omitted":	false,
					"sender":	true
				}],
			"sum":	{
				"start":	11.000458,
				"end":	12.0001,
				"seconds":	0.999642014503479,
				"bytes":	390960,
				"bits_per_second":	3128800.0650448,
				"retransmits":	0,
				"omitted":	false,
				"sender":	true
			}
		}, {
			"streams":	[{
					"socket":	5,
					"start":	12.0001,
					"end":	13.000316,
					"seconds":	1.000216007232666,
					"bytes":	390960,
					"bits_per_second":	3127004.54440183,
					"retransmits":	0,
					"snd_cwnd":	28960,
					"rtt":	36440,
					"rttvar":	516,
					"pmtu":	1500,
					"omitted":	false,
					"sender":	true
				}],