{
	"start":	{
		"connected":	[{
				"socket":	5,
				"local_host":	"10.1.0.211",
				"local_port":	49110,
				"remote_host":	"10.0.0.210",
				"remote_port":	5201
			}],
		"version":	"iperf 3.9",
		"system_info":	"Linux agsargsyan-VirtualBox 6.5.0-18-generic #18~22.04.1-Ubuntu SMP PREEMPT_DYNAMIC Wed Feb  7 11:40:03 UTC 2 x86_64",
		"timestamp":	{
			"time":	"Sun, 18 Feb 2024 13:19:14 GMT",
			"timesecs":	1708262354
		},
		"connecting_to":	{
			"host":	"10.0.0.210",
			"port":	5201
		},
		"cookie":	"4hmjkiyw53fht4dwktsbhv6bkpabo5a37jqw",
		"tcp_mss_default":	1448,
		"sock_bufsize":	16384,
		"sndbuf_actual":	32768,
		"rcvbuf_actual":	32768,
		"test_start":	{
			"protocol":	"TCP",
			"num_streams":	1,
			"blksize":	131072,
			"omit":	0,
			"duration":	26,
			"bytes":	0,
			"blocks":	0,
			"reverse":	0,
			"tos":	0
		}
	},
	"intervals":	[{
			"streams":	[{
					"socket":	5,
					"start":	0,
					"end":	1.000136,
					"seconds":	1.0001360177993774,
					"bytes":	396752,
					"bits_per_second":	3173584.3360424726,
					"retransmits":	0,
					"snd_cwnd":	28960,
					"rtt":	36169,
					"rttvar":	799,
					"pmtu":	1500,
					"omitted":	false,
					"sender":	true
				}],
			"sum":	{
				"start":	0,
				"end":	1.000136,
				"seconds":	1.0001360177993774,
				"bytes":	396752,
				"bits_per_second":	3173584.3360424726,
				"retransmits":	0,
				"omitted":	false,
				"sender":	true
			}
		}, {
			"streams":	[{
					"socket":	5,
					"start":	1.000136,
					"end":	2.001163,
					"seconds":	1.00102698802948,
					"bytes":	376480,
					"bits_per_second":	3008750.0497152451,
					"retransmits":	0,
					"snd_cwnd":	28960,
					"rtt":	38831,
					"rttvar":	2256,
					"pmtu":	1500,
					"omitted":	false,
					"sender":	true
				}],
			"sum":	{
				"start":	1.000136,
				"end":	2.001163,
				"seconds":	1.00102698802948,
				"bytes":	376480,
				"bits_per_second":	3008750.0497152451,
				"retransmits":	0,
				"omitted":	false,
				"sender":	true
			}
		}, {
			"streams":	[{
					"socket":	5,
					"start":	2.001163,
					"end":	3.000964,
					"seconds":	0.999800980091095,
					"bytes":	376480,
					"bits_per_second":	3012439.5354419257,
					"retransmits":	0,
					"snd_cwnd":	28960,
					"rtt":	37788,
					"rttvar":	637,
					"pmtu":	1500,
					"omitted":	false,
					"sender":	true
				}],
			"sum":	{
				"start":	2.001163,
				"end":	3.000964,
				"seconds":	0.999800980091095,
				"bytes":	376480,
				"bits_per_second":	3012439.5354419257,
				"retransmits":	0,
				"omitted":	false,
				"sender":	true
			}
		}, {
			"streams":	[{
					"socket":	5,
					"start":	3.000964,
					"end":	4.000798,
					"seconds":	0.99983400106430054,
					"bytes":	390960,
					"bits_per_second":	3128199.2777507626,
					"retransmits":	0,
					"snd_cwnd":	28960,
					"rtt":	37895,
					"rttvar":	1000,
					"pmtu":	1500,
					"omitted":	false,
					"sender":	true
				}],
			"sum":	{
				"start":	3.000964,
				"end":	4.000798,
				"seconds":	0.99983400106430054,
				"bytes":	390960,
				"bits_per_second":	3128199.2777507626,
				"retransmits":	0,
				"omitted":	false,
				"sender":	true
			}
		}, {
			"streams":	[{
					"socket":	5,
					"start":	4.000798,
					"end":	5.000421,
					"seconds":	0.99962300062179565,
					"bytes":	362000,
					"bits_per_second":	2897092.2019587392,
					"retransmits":	0,
					"snd_cwnd":	28960,
					"rtt":	38475,
					"rttvar":	951,
					"pmtu":	1500,
					"omitted":	false,
					"sender":	true
				}],
			"sum":	{
				"start":	4.000798,
				"end":	5.000421,
				"seconds":	0.99962300062179565,
				"bytes":	362000,
				"bits_per_second":	2897092.2019587392,
				"retransmits":	0,
				"omitted":	false,
				"sender":	true
			}
		}, {
			"streams":	[{
					"socket":	5,
					"start":	5.000421,
					"end":	6.003489,
					"seconds":	1.0030679702758789,
					"bytes":	362000,
					"bits_per_second":	2887142.3331396957,
					"retransmits":	0,
					"snd_cwnd":	28960,
					"rtt":	41072,
					"rttvar":	4812,
					"pmtu":	1500,
					"omitted":	false,
					"sender":	true
				}],
			"sum":	{
				"start":	5.000421,
				"end":	6.003489,
				"seconds":	1.0030679702758789,
				"bytes":	362000,
				"bits_per_second":	2887142.3331396957,
				"retransmits":	0,
				"omitted":	false,
				"sender":	true
			}
		}, {
			"streams":	[{
					"socket":	5,
					"start":	6.003489,
					"end":	7.002452,
					"seconds":	0.99896299839019775,
					"bytes":	347520,
					"bits_per_second":	2783046.0232062186,
					"retransmits":	0,
					"snd_cwnd":	28960,
					"rtt":	40423,
					"rttvar":	2984,
					"pmtu":	1500,
					"omitted":	false,
					"sender":	true
				}],
			"sum":	{
				"start":	6.003489,
				"end":	7.002452,
				"seconds":	0.99896299839019775,
				"bytes":	347520,
				"bits_per_second":	2783046.0232062186,
				"retransmits":	0,
				"omitted":	false,
				"sender":	true
			}
		}, {
			"streams":	[{
					"socket":	5,
					"start":	7.002452,
					"end":	8.005381,
					"seconds":	1.0029289722442627,
					"bytes":	347520,
					"bits_per_second":	2772040.7695260933,
					"retransmits":	0,
					"snd_cwnd":	28960,
					"rtt":	41938,
					"rttvar":	2433,
					"pmtu":	1500,
					"omitted":	false,
					"sender":	true
				}],
			"sum":	{
				"start":	7.002452,
				"end":	8.005381,
				"seconds":	1.0029289722442627,
				"bytes":	347520,
				"bits_per_second":	2772040.7695260933,
				"retransmits":	0,
				"omitted":	false,
				"sender":	true
			}
		}, {
			"streams":	[{
					"socket":	5,
					"start":	8.005381,
					"end":	9.000074,
					"seconds":	0.99469298124313354,
					"bytes":	333040,
					"bits_per_second":	2678535.0356752523,
					"retransmits":	0,
					"snd_cwnd":	28960,
					"rtt":	44512,
					"rttvar":	2326,
					"pmtu":	1500,
					"omitted":	false,
					"sender":	true
				}],
			"sum":	{
				"start":	8.005381,
				"end":	9.000074,
				"seconds":	0.99469298124313354,
				"bytes":	333040,
				"bits_per_second":	2678535.0356752523,
				"retransmits":	0,
				"omitted":	false,
				"sender":	true
			}
		}, {
			"streams":	[{
					"socket":	5,
					"start":	9.000074,
					"end":	10.000294,
					"seconds":	1.0002199411392212,
					"bytes":	333040,
					"bits_per_second":	2663734.1352797044,
					"retransmits":	0,
					"snd_cwnd":	28960,
					"rtt":	43455,
					"rttvar":	4034,
					"pmtu":	1500,
					"omitted":	false,
					"sender":	true
				}],
			"sum":	{
				"start":	9.000074,
				"end":	10.000294,
				"seconds":	1.0002199411392212,
				"bytes":	333040,
				"bits_per_second":	2663734.1352797044,
				"retransmits":	0,
				"omitted":	false,
				"sender":	true
			}
		}, {
			"streams":	[{
					"socket":	5,
					"start":	10.000294,
					"end":	11.001098,
					"seconds":	1.0008039474487305,
					"bytes":	333040,
					"bits_per_second":	2662179.7473840285,
					"retransmits":	0,
					"snd_cwnd":	28960,
					"rtt":	42674,
					"rttvar":	2288,
					"pmtu":	1500,
					"omitted":	false,
					"sender":	true
				}],
			"sum":	{
				"start":	10.000294,
				"end":	11.001098,
				"seconds":	1.0008039474487305,
				"bytes":	333040,
				"bits_per_second":	2662179.7473840285,
				"retransmits":	0,
				"omitted":	false,
				"sender":	true
			}
		}, {
			"streams":	[{
					"socket":	5,
					"start":	11.001098,
					"end":	12.001785,
					"seconds":	1.0006870031356812,
					"bytes":	318560,
					"bits_per_second":	2546730.3882375462,
					"retransmits":	0,
					"snd_cwnd":	28960,
					"rtt":	49482,
					"rttvar":	23264,
					"pmtu":	1500,
					"omitted":	false,
					"sender":	true
				}],
			"sum":	{
				"start":	11.001098,
				"end":	12.001785,
				"seconds":	1.0006870031356812,
				"bytes":	318560,
				"bits_per_second":	2546730.3882375462,
				"retransmits":	0,
				"omitted":	false,
				"sender":	true
			}
		}, {
			"streams":	[{
					"socket":	5,
					"start":	12.001785,
					"end":	13.000497,
					"seconds":	0.99871200323104858,
					"bytes":	376480,
					"bits_per_second":	3015724.2430811371,
					"retransmits":	0,
					"snd_cwnd":	28960,
					"rtt":	36927,
					"rttvar":	687,
					"pmtu":	1500,
					"omitted":	false,