{
	"start":	{
		"connected":	[{
				"socket":	5,
				"local_host":	"10.0.0.211",
				"local_port":	48390,
				"remote_host":	"10.1.0.210",
				"remote_port":	5201
			}],
		"version":	"iperf 3.9",
		"system_info":	"Linux agsargsyan-VirtualBox 6.5.0-21-generic #21~22.04.1-Ubuntu SMP PREEMPT_DYNAMIC Fri Feb  9 13:32:52 UTC 2 x86_64",
		"timestamp":	{
			"time":	"Sun, 25 Feb 2024 14:10:49 GMT",
			"timesecs":	1708870249
		},
		"connecting_to":	{
			"host":	"10.1.0.210",
			"port":	5201
		},
		"cookie":	"46cjpgz7p2pr7ac6l7mn6naaiv326jveq75t",
		"tcp_mss_default":	1448,
		"sock_bufsize":	0,
		"sndbuf_actual":	87380,
		"rcvbuf_actual":	87380,
		"test_start":	{
			"protocol":	"TCP",
			"num_streams":	1,
			"blksize":	131072,
			"omit":	0,
			"duration":	26,
			"bytes":	0,
			"blocks":	0,
			"reverse":	0,
			"tos":	0
		}
	},
	"intervals":	[{
			"streams":	[{
					"socket":	5,
					"start":	0,
					"end":	1.000902,
					"seconds":	1.0009020566940308,
					"bytes":	45999168,
					"bits_per_second":	367661692.30931371,
					"retransmits":	203,
					"snd_cwnd":	14480,
					"rtt":	36776,
					"rttvar":	438,
					"pmtu":	1500,
					"omitted":	false,
					"sender":	true
				}],
			"sum":	{
				"start":	0,
				"end":	1.000902,
				"seconds":	1.0009020566940308,
				"bytes":	45999168,
				"bits_per_second":	367661692.30931371,
				"retransmits":	203,
				"omitted":	false,
				"sender":	true
			}
		}, {
			"streams":	[{
					"socket":	5,
					"start":	1.000902,
					"end":	2.000404,
					"seconds":	0.99950200319290161,
					"bytes":	5242880,
					"bits_per_second":	41963937.907091,
					"retransmits":	2220,
					"snd_cwnd":	291048,
					"rtt":	36260,
					"rttvar":	401,
					"pmtu":	1500,
					"omitted":	false,
					"sender":	true
				}],
			"sum":	{
				"start":	1.000902,
				"end":	2.000404,
				"seconds":	0.99950200319290161,
				"bytes":	5242880,
				"bits_per_second":	41963937.907091,
				"retransmits":	2220,
				"omitted":	false,
				"sender":	true
			}
		}, {
			"streams":	[{
					"socket":	5,
					"start":	2.000404,
					"end":	3.000051,
					"seconds":	0.99964702129364,
					"bytes":	94371840,
					"bits_per_second":	755241304.09851027,
					"retransmits":	755,
					"snd_cwnd":	1378496,
					"rtt":	36978,
					"rttvar":	907,
					"pmtu":	1500,
					"omitted":	false,
					"sender":	true
				}],
			"sum":	{
				"start":	2.000404,
				"end":	3.000051,
				"seconds":	0.99964702129364,
				"bytes":	94371840,
				"bits_per_second":	755241304.09851027,
				"retransmits":	755,
				"omitted":	false,
				"sender":	true
			}
		}, {
			"streams":	[{
					"socket":	5,
					"start":	3.000051,
					"end":	4.000542,
					"seconds":	1.00049102306366,
					"bytes":	22282240,
					"bits_per_second":	178170434.20754185,
					"retransmits":	359,
					"snd_cwnd":	140456,
					"rtt":	37319,
					"rttvar":	987,
					"pmtu":	1500,
					"omitted":	false,
					"sender":	true
				}],
			"sum":	{
				"start":	3.000051,
				"end":	4.000542,
				"seconds":	1.00049102306366,
				"bytes":	22282240,
				"bits_per_second":	178170434.20754185,
				"retransmits":	359,
				"omitted":	false,
				"sender":	true
			}
		}, {
			"streams":	[{
					"socket":	5,
					"start":	4.000542,
					"end":	5.000418,
					"seconds":	0.99987602233886719,
					"bytes":	2621440,
					"bits_per_second":	20974120.322381888,
					"retransmits":	21,
					"snd_cwnd":	70952,
					"rtt":	39182,
					"rttvar":	946,
					"pmtu":	1500,
					"omitted":	false,
					"sender":	true
				}],
			"sum":	{
				"start":	4.000542,
				"end":	5.000418,
				"seconds":	0.99987602233886719,
				"bytes":	2621440,
				"bits_per_second":	20974120.322381888,
				"retransmits":	21,
				"omitted":	false,
				"sender":	true
			}
		}, {
			"streams":	[{
					"socket":	5,
					"start":	5.000418,
					"end":	6.001232,
					"seconds":	1.0008139610290527,
					"bytes":	0,
					"bits_per_second":	0,
					"retransmits":	16,
					"snd_cwnd":	14480,
					"rtt":	40108,
					"rttvar":	1632,
					"pmtu":	1500,
					"omitted":	false,
					"sender":	true
				}],
			"sum":	{
				"start":	5.000418,
				"end":	6.001232,
				"seconds":	1.0008139610290527,
				"bytes":	0,
				"bits_per_second":	0,
				"retransmits":	16,
				"omitted":	false,
				"sender":	true
			}
		}, {
			"streams":	[{
					"socket":	5,
					"start":	6.001232,
					"end":	7.001769,
					"seconds":	1.0005370378494263,
					"bytes":	0,
					"bits_per_second":	0,
					"retransmits":	2,
					"snd_cwnd":	1448,
					"rtt":	40108,
					"rttvar":	1632,
					"pmtu":	1500,
					"omitted":	false,
					"sender":	true
				}],
			"sum":	{
				"start":	6.001232,
				"end":	7.001769,
				"seconds":	1.0005370378494263,
				"bytes":	0,
				"bits_per_second":	0,
				"retransmits":	2,
				"omitted":	false,
				"sender":	true
			}
		}, {
			"streams":	[{
					"socket":	5,
					"start":	7.001769,
					"end":	8.012505,
					"seconds":	1.0107359886169434,
					"bytes":	0,
					"bits_per_second":	0,
					"retransmits":	1,
					"snd_cwnd":	1448,
					"rtt":	40108,
					"rttvar":	1632,
					"pmtu":	1500,
					"omitted":	false,
					"sender":	true
				}],
			"sum":	{
				"start":	7.001769,
				"end":	8.012505,
				"seconds":	1.0107359886169434,
				"bytes":	0,
				"bits_per_second":	0,
				"retransmits":	1,
				"omitted":	false,
				"sender":	true
			}
		}, {
			"streams":	[{
					"socket":	5,
					"start":	8.012505,
					"end":	9.002201,
					"seconds":	0.98969602584838867,
					"bytes":	0,
					"bits_per_second":	0,
					"retransmits":	0,
					"snd_cwnd":	1448,
					"rtt":	40108,
					"rttvar":	1632,
					"pmtu":	1500,
					"omitted":	false,
					"sender":	true
				}],
			"sum":	{
				"start":	8.012505,
				"end":	9.002201,
				"seconds":	0.98969602584838867,
				"bytes":	0,
				"bits_per_second":	0,
				"retransmits":	0,
				"omitted":	false,
				"sender":	true
			}
		}, {
			"streams":	[{
					"socket":	5,
					"start":	9.002201,
					"end":	10.000578,
					"seconds":	0.998377025127411,
					"bytes":	0,
					"bits_per_second":	0,
					"retransmits":	1,
					"snd_cwnd":	1448,
					"rtt":	40108,
					"rttvar":	1632,
					"pmtu":	1500,
					"omitted":	false,
					"sender":	true
				}],
			"sum":	{
				"start":	9.002201,
				"end":	10.000578,
				"seconds":	0.998377025127411,
				"bytes":	0,
				"bits_per_second":	0,
				"retransmits":	1,
				"omitted":	false,
				"sender":	true
			}
		}, {
			"streams":	[{
					"socket":	5,
					"start":	10.000578,
					"end":	11.000532,
					"seconds":	0.9999539852142334,
					"bytes":	0,
					"bits_per_second":	0,
					"retransmits":	0,
					"snd_cwnd":	1448,
					"rtt":	40108,
					"rttvar":	1632,
					"pmtu":	1500,
					"omitted":	false,
					"sender":	true
				}],
			"sum":	{
				"start":	10.000578,
				"end":	11.000532,
				"seconds":	0.9999539852142334,
				"bytes":	0,
				"bits_per_second":	0,
				"retransmits":	0,
				"omitted":	false,
				"sender":	true
			}
		}, {
			"streams":	[{
					"socket":	5,
					"start":	11.000532,
					"end":	12.000526,
					"seconds":	0.99999397993087769,
					"bytes":	0,
					"bits_per_second":	0,
					"retransmits":	0,
					"snd_cwnd":	1448,
					"rtt":	40108,
					"rttvar":	1632,
					"pmtu":	1500,
					"omitted":	false,
					"sender":	true
				}],
			"sum":	{
				"start":	11.000532,
				"end":	12.000526,
				"seconds":	0.99999397993087769,
				"bytes":	0,
				"bits_per_second":	0,
				"retransmits":	0,
				"omitted":	false,
				"sender":	true
			}
		}, {
			"streams":	[{
					"socket":	5,
					"start":	12.000526,
					"end":	13.001568,
					"seconds":	1.0010420083999634,
					"bytes":	0,
					"bits_per_second":	0,
					"retransmits":	0,
					"snd_cwnd":	1448,
					"rtt":	40108,
					"rttvar":	1632,
					"pmtu":	1500,
					"omitted":	false,
					"sender":	true
				}],
			"sum":	{
				"start":	12.000526,
				"end":	13.001568,
				"seconds":	1.0010420083999634,
				"bytes":	0,
				"bits_per_second":	0,
				"retransmits":	0,
				"omitted":	false,
				"sender":	true
			}
		}, {
			"streams":	[{
					"socket":	5,
					"start":	13.001568,