{
	"start":	{
		"connected":	[{
				"socket":	5,
				"local_host":	"10.1.0.223",
				"local_port":	43646,
				"remote_host":	"10.0.0.222",
				"remote_port":	5201
			}],
		"version":	"iperf 3.9",
		"system_info":	"Linux agsargsyan-VirtualBox 6.5.0-18-generic #18~22.04.1-Ubuntu SMP PREEMPT_DYNAMIC Wed Feb  7 11:40:03 UTC 2 x86_64",
		"timestamp":	{
			"time":	"Sun, 18 Feb 2024 13:19:14 GMT",
			"timesecs":	1708262354
		},
		"connecting_to":	{
			"host":	"10.0.0.222",
			"port":	5201
		},
		"cookie":	"6tcqm3xryo3kupvxrqx42t73q3ltqhrj6tg7",
		"tcp_mss_default":	1448,
		"sock_bufsize":	16384,
		"sndbuf_actual":	32768,
		"rcvbuf_actual":	32768,
		"test_start":	{
			"protocol":	"TCP",
			"num_streams":	1,
			"blksize":	131072,
			"omit":	0,
			"duration":	26,
			"bytes":	0,
			"blocks":	0,
			"reverse":	0,
			"tos":	0
		}
	},
	"intervals":	[{
			"streams":	[{
					"socket":	5,
					"start":	0,
					"end":	1.000667,
					"seconds":	1.0006669759750366,
					"bytes":	396752,
					"bits_per_second":	3171900.418625568,
					"retransmits":	0,
					"snd_cwnd":	28960,
					"rtt":	36202,
					"rttvar":	827,
					"pmtu":	1500,
					"omitted":	false,
					"sender":	true
				}],
			"sum":	{
				"start":	0,
				"end":	1.000667,
				"seconds":	1.0006669759750366,
				"bytes":	396752,
				"bits_per_second":	3171900.418625568,
				"retransmits":	0,
				"omitted":	false,
				"sender":	true
			}
		}, {
			"streams":	[{
					"socket":	5,
					"start":	1.000667,
					"end":	2.000762,
					"seconds":	1.000095009803772,
					"bytes":	376480,
					"bits_per_second":	3011553.872857491,
					"retransmits":	0,
					"snd_cwnd":	28960,
					"rtt":	38465,
					"rttvar":	1967,
					"pmtu":	1500,
					"omitted":	false,
					"sender":	true
				}],
			"sum":	{
				"start":	1.000667,
				"end":	2.000762,
				"seconds":	1.000095009803772,
				"bytes":	376480,
				"bits_per_second":	3011553.872857491,
				"retransmits":	0,
				"omitted":	false,
				"sender":	true
			}
		}, {
			"streams":	[{
					"socket":	5,
					"start":	2.000762,
					"end":	3.00076,
					"seconds":	0.99999797344207764,
					"bytes":	390960,
					"bits_per_second":	3127686.3384375279,
					"retransmits":	0,
					"snd_cwnd":	28960,
					"rtt":	37890,
					"rttvar":	814,
					"pmtu":	1500,
					"omitted":	false,
					"sender":	true
				}],
			"sum":	{
				"start":	2.000762,
				"end":	3.00076,
				"seconds":	0.99999797344207764,
				"bytes":	390960,
				"bits_per_second":	3127686.3384375279,
				"retransmits":	0,
				"omitted":	false,
				"sender":	true
			}
		}, {
			"streams":	[{
					"socket":	5,
					"start":	3.00076,
					"end":	4.000391,
					"seconds":	0.99963098764419556,
					"bytes":	376480,
					"bits_per_second":	3012951.8164477125,
					"retransmits":	0,
					"snd_cwnd":	28960,
					"rtt":	37931,
					"rttvar":	1113,
					"pmtu":	1500,
					"omitted":	false,
					"sender":	true
				}],
			"sum":	{
				"start":	3.00076,
				"end":	4.000391,
				"seconds":	0.99963098764419556,
				"bytes":	376480,
				"bits_per_second":	3012951.8164477125,
				"retransmits":	0,
				"omitted":	false,
				"sender":	true
			}
		}, {
			"streams":	[{
					"socket":	5,
					"start":	4.000391,
					"end":	5.004304,
					"seconds":	1.0039130449295044,
					"bytes":	362000,
					"bits_per_second":	2884711.992365195,
					"retransmits":	0,
					"snd_cwnd":	28960,
					"rtt":	38344,
					"rttvar":	771,
					"pmtu":	1500,
					"omitted":	false,
					"sender":	true
				}],
			"sum":	{
				"start":	4.000391,
				"end":	5.004304,
				"seconds":	1.0039130449295044,
				"bytes":	362000,
				"bits_per_second":	2884711.992365195,
				"retransmits":	0,
				"omitted":	false,
				"sender":	true
			}
		}, {
			"streams":	[{
					"socket":	5,
					"start":	5.004304,
					"end":	6.000516,
					"seconds":	0.99621200561523438,
					"bytes":	362000,
					"bits_per_second":	2907011.7441633386,
					"retransmits":	0,
					"snd_cwnd":	28960,
					"rtt":	41081,
					"rttvar":	4759,
					"pmtu":	1500,
					"omitted":	false,
					"sender":	true
				}],
			"sum":	{
				"start":	5.004304,
				"end":	6.000516,
				"seconds":	0.99621200561523438,
				"bytes":	362000,
				"bits_per_second":	2907011.7441633386,
				"retransmits":	0,
				"omitted":	false,
				"sender":	true
			}
		}, {
			"streams":	[{
					"socket":	5,
					"start":	6.000516,
					"end":	7.000187,
					"seconds":	0.99967098236084,
					"bytes":	347520,
					"bits_per_second":	2781075.0227383086,
					"retransmits":	0,
					"snd_cwnd":	28960,
					"rtt":	41201,
					"rttvar":	2910,
					"pmtu":	1500,
					"omitted":	false,
					"sender":	true
				}],
			"sum":	{
				"start":	6.000516,
				"end":	7.000187,
				"seconds":	0.99967098236084,
				"bytes":	347520,
				"bits_per_second":	2781075.0227383086,
				"retransmits":	0,
				"omitted":	false,
				"sender":	true
			}
		}, {
			"streams":	[{
					"socket":	5,
					"start":	7.000187,
					"end":	8.001417,
					"seconds":	1.001230001449585,
					"bytes":	347520,
					"bits_per_second":	2776744.6001167293,
					"retransmits":	0,
					"snd_cwnd":	28960,
					"rtt":	41922,
					"rttvar":	2658,
					"pmtu":	1500,
					"omitted":	false,
					"sender":	true
				}],
			"sum":	{
				"start":	7.000187,
				"end":	8.001417,
				"seconds":	1.001230001449585,
				"bytes":	347520,
				"bits_per_second":	2776744.6001167293,
				"retransmits":	0,
				"omitted":	false,
				"sender":	true
			}
		}, {
			"streams":	[{
					"socket":	5,
					"start":	8.001417,
					"end":	9.000565,
					"seconds":	0.99914801120758057,
					"bytes":	333040,
					"bits_per_second":	2666591.9064182248,
					"retransmits":	0,
					"snd_cwnd":	28960,
					"rtt":	45335,
					"rttvar":	2141,
					"pmtu":	1500,
					"omitted":	false,
					"sender":	true
				}],
			"sum":	{
				"start":	8.001417,
				"end":	9.000565,
				"seconds":	0.99914801120758057,
				"bytes":	333040,
				"bits_per_second":	2666591.9064182248,
				"retransmits":	0,
				"omitted":	false,
				"sender":	true
			}
		}, {
			"streams":	[{
					"socket":	5,
					"start":	9.000565,
					"end":	10.000437,
					"seconds":	0.99987202882766724,
					"bytes":	333040,
					"bits_per_second":	2664660.9997920129,
					"retransmits":	0,
					"snd_cwnd":	28960,
					"rtt":	43511,
					"rttvar":	3646,
					"pmtu":	1500,
					"omitted":	false,
					"sender":	true
				}],
			"sum":	{
				"start":	9.000565,
				"end":	10.000437,
				"seconds":	0.99987202882766724,
				"bytes":	333040,
				"bits_per_second":	2664660.9997920129,
				"retransmits":	0,
				"omitted":	false,
				"sender":	true
			}
		}, {
			"streams":	[{
					"socket":	5,
					"start":	10.000437,
					"end":	11.000793,
					"seconds":	1.0003559589385986,
					"bytes":	333040,
					"bits_per_second":	2663371.9489479591,
					"retransmits":	0,
					"snd_cwnd":	28960,
					"rtt":	42941,
					"rttvar":	2581,
					"pmtu":	1500,
					"omitted":	false,
					"sender":	true
				}],
			"sum":	{
				"start":	10.000437,
				"end":	11.000793,
				"seconds":	1.0003559589385986,
				"bytes":	333040,
				"bits_per_second":	2663371.9489479591,
				"retransmits":	0,
				"omitted":	false,
				"sender":	true
			}
		}, {
			"streams":	[{
					"socket":	5,
					"start":	11.000793,
					"end":	12.000429,
					"seconds":	0.99963599443435669,
					"bytes":	318560,
					"bits_per_second":	2549407.9987006225,
					"retransmits":	0,
					"snd_cwnd":	28960,
					"rtt":	49373,
					"rttvar":	22915,
					"pmtu":	1500,
					"omitted":	false,
					"sender":	true
				}],
			"sum":	{
				"start":	11.000793,
				"end":	12.000429,
				"seconds":	0.99963599443435669,
				"bytes":	318560,
				"bits_per_second":	2549407.9987006225,
				"retransmits":	0,
				"omitted":	false,
				"sender":	true
			}
		}, {
			"streams":	[{
					"socket":	5,
					"start":	12.000429,
					"end":	13.000905,
					"seconds":	1.0004760026931763,
					"bytes":	390960,
					"bits_per_second":	3126191.9242246831,
					"retransmits":	0,
					"snd_cwnd":	28960,
					"rtt":	36843,
					"rttvar":	505,
					"pmtu":	1500,
					"omitted":	false,