{
	"start":	{
		"connected":	[{
				"socket":	5,
				"local_host":	"10.0.0.223",
				"local_port":	59282,
				"remote_host":	"10.1.0.222",
				"remote_port":	5201
			}],
		"version":	"iperf 3.9",
		"system_info":	"Linux agsargsyan-VirtualBox 6.5.0-21-generic #21~22.04.1-Ubuntu SMP PREEMPT_DYNAMIC Fri Feb  9 13:32:52 UTC 2 x86_64",
		"timestamp":	{
			"time":	"Sun, 25 Feb 2024 14:10:49 GMT",
			"timesecs":	1708870249
		},
		"connecting_to":	{
			"host":	"10.1.0.222",
			"port":	5201
		},
		"cookie":	"ecjuw7etosqblqfpqk33h2zkrpglm5sxkmp5",
		"tcp_mss_default":	1448,
		"sock_bufsize":	0,
		"sndbuf_actual":	87380,
		"rcvbuf_actual":	87380,
		"test_start":	{
			"protocol":	"TCP",
			"num_streams":	1,
			"blksize":	131072,
			"omit":	0,
			"duration":	26,
			"bytes":	0,
			"blocks":	0,
			"reverse":	0,
			"tos":	0
		}
	},
	"intervals":	[{
			"streams":	[{
					"socket":	5,
					"start":	0,
					"end":	1.00052,
					"seconds":	1.0005199909210205,
					"bytes":	60482248,
					"bits_per_second":	483606513.00389159,
					"retransmits":	569,
					"snd_cwnd":	165072,
					"rtt":	36926,
					"rttvar":	778,
					"pmtu":	1500,
					"omitted":	false,
					"sender":	true
				}],
			"sum":	{
				"start":	0,
				"end":	1.00052,
				"seconds":	1.0005199909210205,
				"bytes":	60482248,
				"bits_per_second":	483606513.00389159,
				"retransmits":	569,
				"omitted":	false,
				"sender":	true
			}
		}, {
			"streams":	[{
					"socket":	5,
					"start":	1.00052,
					"end":	2.001637,
					"seconds":	1.0011169910430908,
					"bytes":	62914560,
					"bits_per_second":	502754907.27170753,
					"retransmits":	5908,
					"snd_cwnd":	2922064,
					"rtt":	39842,
					"rttvar":	126,
					"pmtu":	1500,
					"omitted":	false,
					"sender":	true
				}],
			"sum":	{
				"start":	1.00052,
				"end":	2.001637,
				"seconds":	1.0011169910430908,
				"bytes":	62914560,
				"bits_per_second":	502754907.27170753,
				"retransmits":	5908,
				"omitted":	false,
				"sender":	true
			}
		}, {
			"streams":	[{
					"socket":	5,
					"start":	2.001637,
					"end":	3.000112,
					"seconds":	0.99847501516342163,
					"bytes":	48496640,
					"bits_per_second":	388565676.76508158,
					"retransmits":	375,
					"snd_cwnd":	357656,
					"rtt":	37395,
					"rttvar":	901,
					"pmtu":	1500,
					"omitted":	false,
					"sender":	true
				}],
			"sum":	{
				"start":	2.001637,
				"end":	3.000112,
				"seconds":	0.99847501516342163,
				"bytes":	48496640,
				"bits_per_second":	388565676.76508158,
				"retransmits":	375,
				"omitted":	false,
				"sender":	true
			}
		}, {
			"streams":	[{
					"socket":	5,
					"start":	3.000112,
					"end":	4.000542,
					"seconds":	1.00042998790741,
					"bytes":	6553600,
					"bits_per_second":	52406265.939373575,
					"retransmits":	85,
					"snd_cwnd":	43440,
					"rtt":	37276,
					"rttvar":	682,
					"pmtu":	1500,
					"omitted":	false,
					"sender":	true
				}],
			"sum":	{
				"start":	3.000112,
				"end":	4.000542,
				"seconds":	1.00042998790741,
				"bytes":	6553600,
				"bits_per_second":	52406265.939373575,
				"retransmits":	85,
				"omitted":	false,
				"sender":	true
			}
		}, {
			"streams":	[{
					"socket":	5,
					"start":	4.000542,
					"end":	5.001392,
					"seconds":	1.0008499622344971,
					"bytes":	0,
					"bits_per_second":	0,
					"retransmits":	7,
					"snd_cwnd":	23168,
					"rtt":	38732,
					"rttvar":	1093,
					"pmtu":	1500,
					"omitted":	false,
					"sender":	true
				}],
			"sum":	{
				"start":	4.000542,
				"end":	5.001392,
				"seconds":	1.0008499622344971,
				"bytes":	0,
				"bits_per_second":	0,
				"retransmits":	7,
				"omitted":	false,
				"sender":	true
			}
		}, {
			"streams":	[{
					"socket":	5,
					"start":	5.001392,
					"end":	6.001536,
					"seconds":	1.0001440048217773,
					"bytes":	1310720,
					"bits_per_second":	10484250.217415972,
					"retransmits":	10,
					"snd_cwnd":	1448,
					"rtt":	39215,
					"rttvar":	2089,
					"pmtu":	1500,
					"omitted":	false,
					"sender":	true
				}],
			"sum":	{
				"start":	5.001392,
				"end":	6.001536,
				"seconds":	1.0001440048217773,
				"bytes":	1310720,
				"bits_per_second":	10484250.217415972,
				"retransmits":	10,
				"omitted":	false,
				"sender":	true
			}
		}, {
			"streams":	[{
					"socket":	5,
					"start":	6.001536,
					"end":	7.001118,
					"seconds":	0.99958199262619019,
					"bytes":	0,
					"bits_per_second":	0,
					"retransmits":	1,
					"snd_cwnd":	1448,
					"rtt":	39215,
					"rttvar":	2089,
					"pmtu":	1500,
					"omitted":	false,
					"sender":	true
				}],
			"sum":	{
				"start":	6.001536,
				"end":	7.001118,
				"seconds":	0.99958199262619019,
				"bytes":	0,
				"bits_per_second":	0,
				"retransmits":	1,
				"omitted":	false,
				"sender":	true
			}
		}, {
			"streams":	[{
					"socket":	5,
					"start":	7.001118,
					"end":	8.001523,
					"seconds":	1.000404953956604,
					"bytes":	0,
					"bits_per_second":	0,
					"retransmits":	1,
					"snd_cwnd":	1448,
					"rtt":	39215,
					"rttvar":	2089,
					"pmtu":	1500,
					"omitted":	false,
					"sender":	true
				}],
			"sum":	{
				"start":	7.001118,
				"end":	8.001523,
				"seconds":	1.000404953956604,
				"bytes":	0,
				"bits_per_second":	0,
				"retransmits":	1,
				"omitted":	false,
				"sender":	true
			}
		}, {
			"streams":	[{
					"socket":	5,
					"start":	8.001523,
					"end":	9.006316,
					"seconds":	1.0047930479049683,
					"bytes":	0,
					"bits_per_second":	0,
					"retransmits":	0,
					"snd_cwnd":	1448,
					"rtt":	39215,
					"rttvar":	2089,
					"pmtu":	1500,
					"omitted":	false,
					"sender":	true
				}],
			"sum":	{
				"start":	8.001523,
				"end":	9.006316,
				"seconds":	1.0047930479049683,
				"bytes":	0,
				"bits_per_second":	0,
				"retransmits":	0,
				"omitted":	false,
				"sender":	true
			}
		}, {
			"streams":	[{
					"socket":	5,
					"start":	9.006316,
					"end":	10.001505,
					"seconds":	0.99518901109695435,
					"bytes":	0,
					"bits_per_second":	0,
					"retransmits":	1,
					"snd_cwnd":	1448,
					"rtt":	39215,
					"rttvar":	2089,
					"pmtu":	1500,
					"omitted":	false,
					"sender":	true
				}],
			"sum":	{
				"start":	9.006316,
				"end":	10.001505,
				"seconds":	0.99518901109695435,
				"bytes":	0,
				"bits_per_second":	0,
				"retransmits":	1,
				"omitted":	false,
				"sender":	true
			}
		}, {
			"streams":	[{
					"socket":	5,
					"start":	10.001505,
					"end":	11.001575,
					"seconds":	1.0000699758529663,
					"bytes":	0,
					"bits_per_second":	0,
					"retransmits":	0,
					"snd_cwnd":	1448,
					"rtt":	39215,
					"rttvar":	2089,
					"pmtu":	1500,
					"omitted":	false,
					"sender":	true
				}],
			"sum":	{
				"start":	10.001505,
				"end":	11.001575,
				"seconds":	1.0000699758529663,
				"bytes":	0,
				"bits_per_second":	0,
				"retransmits":	0,
				"omitted":	false,
				"sender":	true
			}
		}, {
			"streams":	[{
					"socket":	5,
					"start":	11.001575,
					"end":	12.004642,
					"seconds":	1.0030670166015625,
					"bytes":	0,
					"bits_per_second":	0,
					"retransmits":	0,
					"snd_cwnd":	1448,
					"rtt":	39215,
					"rttvar":	2089,
					"pmtu":	1500,
					"omitted":	false,
					"sender":	true
				}],
			"sum":	{
				"start":	11.001575,
				"end":	12.004642,
				"seconds":	1.0030670166015625,
				"bytes":	0,
				"bits_per_second":	0,
				"retransmits":	0,
				"omitted":	false,
				"sender":	true
			}
		}, {
			"streams":	[{
					"socket":	5,
					"start":	12.004642,
					"end":	13.001784,
					"seconds":	0.99714201688766479,
					"bytes":	0,
					"bits_per_second":	0,
					"retransmits":	0,
					"snd_cwnd":	1448,
					"rtt":	39215,
					"rttvar":	2089,
					"pmtu":	1500,
					"omitted":	false,
					"sender":	true
				}],
			"sum":	{
				"start":	12.004642,
				"end":	13.001784,
				"seconds":	0.99714201688766479,
				"bytes":	0,
				"bits_per_second":	0,
				"retransmits":	0,
				"omitted":	false,
				"sender":	true
			}
		}, {
			"streams":	[{
					"socket":	5,
					"start":	13.001784,