{
	"start":	{
		"connected":	[{
				"socket":	5,
				"local_host":	"10.1.0.231",
				"local_port":	33946,
				"remote_host":	"10.0.0.230",
				"remote_port":	5201
			}],
		"version":	"iperf 3.9",
		"system_info":	"Linux agsargsyan-VirtualBox 6.5.0-18-generic #18~22.04.1-Ubuntu SMP PREEMPT_DYNAMIC Wed Feb  7 11:40:03 UTC 2 x86_64",
		"timestamp":	{
			"time":	"Sun, 18 Feb 2024 13:19:14 GMT",
			"timesecs":	1708262354
		},
		"connecting_to":	{
			"host":	"10.0.0.230",
			"port":	5201
		},
		"cookie":	"4pzz34ib6xsopxy543n75rs5vls5xhgjpsec",
		"tcp_mss_default":	1448,
		"sock_bufsize":	16384,
		"sndbuf_actual":	32768,
		"rcvbuf_actual":	32768,
		"test_start":	{
			"protocol":	"TCP",
			"num_streams":	1,
			"blksize":	131072,
			"omit":	0,
			"duration":	26,
			"bytes":	0,
			"blocks":	0,
			"reverse":	0,
			"tos":	0
		}
	},
	"intervals":	[{
			"streams":	[{
					"socket":	5,
					"start":	0,
					"end":	1.000923,
					"seconds":	1.0009230375289917,
					"bytes":	389512,
					"bits_per_second":	3113222.3789081709,
					"retransmits":	0,
					"snd_cwnd":	28960,
					"rtt":	36144,
					"rttvar":	610,
					"pmtu":	1500,
					"omitted":	false,
					"sender":	true
				}],
			"sum":	{
				"start":	0,
				"end":	1.000923,
				"seconds":	1.0009230375289917,
				"bytes":	389512,
				"bits_per_second":	3113222.3789081709,
				"retransmits":	0,
				"omitted":	false,
				"sender":	true
			}
		}, {
			"streams":	[{
					"socket":	5,
					"start":	1.000923,
					"end":	2.000483,
					"seconds":	0.999559998512268,
					"bytes":	376480,
					"bits_per_second":	3013165.7974336538,
					"retransmits":	0,
					"snd_cwnd":	28960,
					"rtt":	37166,
					"rttvar":	1075,
					"pmtu":	1500,
					"omitted":	false,
					"sender":	true
				}],
			"sum":	{
				"start":	1.000923,
				"end":	2.000483,
				"seconds":	0.999559998512268,
				"bytes":	376480,
				"bits_per_second":	3013165.7974336538,
				"retransmits":	0,
				"omitted":	false,
				"sender":	true
			}
		}, {
			"streams":	[{
					"socket":	5,
					"start":	2.000483,
					"end":	3.001881,
					"seconds":	1.001397967338562,
					"bytes":	376480,
					"bits_per_second":	3007635.42391107,
					"retransmits":	0,
					"snd_cwnd":	28960,
					"rtt":	37273,
					"rttvar":	922,
					"pmtu":	1500,
					"omitted":	false,
					"sender":	true
				}],
			"sum":	{
				"start":	2.000483,
				"end":	3.001881,
				"seconds":	1.001397967338562,
				"bytes":	376480,
				"bits_per_second":	3007635.42391107,
				"retransmits":	0,
				"omitted":	false,
				"sender":	true
			}
		}, {
			"streams":	[{
					"socket":	5,
					"start":	3.001881,
					"end":	4.000996,
					"seconds":	0.999114990234375,
					"bytes":	390960,
					"bits_per_second":	3130450.4792449372,
					"retransmits":	0,
					"snd_cwnd":	28960,
					"rtt":	37719,
					"rttvar":	1061,
					"pmtu":	1500,
					"omitted":	false,
					"sender":	true
				}],
			"sum":	{
				"start":	3.001881,
				"end":	4.000996,
				"seconds":	0.999114990234375,
				"bytes":	390960,
				"bits_per_second":	3130450.4792449372,
				"retransmits":	0,
				"omitted":	false,
				"sender":	true
			}
		}, {
			"streams":	[{
					"socket":	5,
					"start":	4.000996,
					"end":	5.000664,
					"seconds":	0.999668002128601,
					"bytes":	362000,
					"bits_per_second":	2896961.7851461926,
					"retransmits":	0,
					"snd_cwnd":	28960,
					"rtt":	37612,
					"rttvar":	1121,
					"pmtu":	1500,
					"omitted":	false,
					"sender":	true
				}],
			"sum":	{
				"start":	4.000996,
				"end":	5.000664,
				"seconds":	0.999668002128601,
				"bytes":	362000,
				"bits_per_second":	2896961.7851461926,
				"retransmits":	0,
				"omitted":	false,
				"sender":	true
			}
		}, {
			"streams":	[{
					"socket":	5,
					"start":	5.000664,
					"end":	6.003619,
					"seconds":	1.0029549598693848,
					"bytes":	347520,
					"bits_per_second":	2771968.943014212,
					"retransmits":	0,
					"snd_cwnd":	28960,
					"rtt":	42093,
					"rttvar":	3578,
					"pmtu":	1500,
					"omitted":	false,
					"sender":	true
				}],
			"sum":	{
				"start":	5.000664,
				"end":	6.003619,
				"seconds":	1.0029549598693848,
				"bytes":	347520,
				"bits_per_second":	2771968.943014212,
				"retransmits":	0,
				"omitted":	false,
				"sender":	true
			}
		}, {
			"streams":	[{
					"socket":	5,
					"start":	6.003619,
					"end":	7.000707,
					"seconds":	0.99708801507949829,
					"bytes":	362000,
					"bits_per_second":	2904457.7371327654,
					"retransmits":	0,
					"snd_cwnd":	28960,
					"rtt":	39253,
					"rttvar":	2380,
					"pmtu":	1500,
					"omitted":	false,
					"sender":	true
				}],
			"sum":	{
				"start":	6.003619,
				"end":	7.000707,
				"seconds":	0.99708801507949829,
				"bytes":	362000,
				"bits_per_second":	2904457.7371327654,
				"retransmits":	0,
				"omitted":	false,
				"sender":	true
			}
		}, {
			"streams":	[{
					"socket":	5,
					"start":	7.000707,
					"end":	8.000442,
					"seconds":	0.99973499774932861,
					"bytes":	362000,
					"bits_per_second":	2896767.649946908,
					"retransmits":	0,
					"snd_cwnd":	28960,
					"rtt":	40232,
					"rttvar":	4103,
					"pmtu":	1500,
					"omitted":	false,
					"sender":	true
				}],
			"sum":	{
				"start":	7.000707,
				"end":	8.000442,
				"seconds":	0.99973499774932861,
				"bytes":	362000,
				"bits_per_second":	2896767.649946908,
				"retransmits":	0,
				"omitted":	false,
				"sender":	true
			}
		}, {
			"streams":	[{
					"socket":	5,
					"start":	8.000442,
					"end":	9.00028,
					"seconds":	0.99983799457550049,
					"bytes":	333040,
					"bits_per_second":	2664751.70423103,
					"retransmits":	0,
					"snd_cwnd":	28960,
					"rtt":	42308,
					"rttvar":	3583,
					"pmtu":	1500,
					"omitted":	false,
					"sender":	true
				}],
			"sum":	{
				"start":	8.000442,
				"end":	9.00028,
				"seconds":	0.99983799457550049,
				"bytes":	333040,
				"bits_per_second":	2664751.70423103,
				"retransmits":	0,
				"omitted":	false,
				"sender":	true
			}
		}, {
			"streams":	[{
					"socket":	5,
					"start":	9.00028,
					"end":	10.001322,
					"seconds":	1.0010420083999634,
					"bytes":	333040,
					"bits_per_second":	2661546.6460379339,
					"retransmits":	0,
					"snd_cwnd":	28960,
					"rtt":	41820,
					"rttvar":	7061,
					"pmtu":	1500,
					"omitted":	false,
					"sender":	true
				}],
			"sum":	{
				"start":	9.00028,
				"end":	10.001322,
				"seconds":	1.0010420083999634,
				"bytes":	333040,
				"bits_per_second":	2661546.6460379339,
				"retransmits":	0,
				"omitted":	false,
				"sender":	true
			}
		}, {
			"streams":	[{
					"socket":	5,
					"start":	10.001322,
					"end":	11.001181,
					"seconds":	0.99985897541046143,
					"bytes":	347520,
					"bits_per_second":	2780552.126222291,
					"retransmits":	0,
					"snd_cwnd":	28960,
					"rtt":	41803,
					"rttvar":	3494,
					"pmtu":	1500,
					"omitted":	false,
					"sender":	true
				}],
			"sum":	{
				"start":	10.001322,
				"end":	11.001181,
				"seconds":	0.99985897541046143,
				"bytes":	347520,
				"bits_per_second":	2780552.126222291,
				"retransmits":	0,
				"omitted":	false,
				"sender":	true
			}
		}, {
			"streams":	[{
					"socket":	5,
					"start":	11.001181,
					"end":	12.009186,
					"seconds":	1.0080050230026245,
					"bytes":	318560,
					"bits_per_second":	2528241.3696795283,
					"retransmits":	0,
					"snd_cwnd":	28960,
					"rtt":	46238,
					"rttvar":	15845,
					"pmtu":	1500,
					"omitted":	false,
					"sender":	true
				}],
			"sum":	{
				"start":	11.001181,
				"end":	12.009186,
				"seconds":	1.0080050230026245,
				"bytes":	318560,
				"bits_per_second":	2528241.3696795283,
				"retransmits":	0,
				"omitted":	false,
				"sender":	true
			}
		}, {
			"streams":	[{
					"socket":	5,
					"start":	12.009186,
					"end":	13.002178,
					"seconds":	0.99299198389053345,
					"bytes":	390960,
					"bits_per_second":	3149753.5234330678,
					"retransmits":	0,
					"snd_cwnd":	28960,
					"rtt":	36737,
					"rttvar":	459,
					"pmtu":	1500,
					"omitted":	false,