{
	"start":	{
		"connected":	[{
				"socket":	5,
				"local_host":	"10.0.0.249",
				"local_port":	52178,
				"remote_host":	"10.1.0.248",
				"remote_port":	5201
			}],
		"version":	"iperf 3.9",
		"system_info":	"Linux agsargsyan-VirtualBox 6.5.0-21-generic #21~22.04.1-Ubuntu SMP PREEMPT_DYNAMIC Fri Feb  9 13:32:52 UTC 2 x86_64",
		"timestamp":	{
			"time":	"Sun, 25 Feb 2024 14:10:49 GMT",
			"timesecs":	1708870249
		},
		"connecting_to":	{
			"host":	"10.1.0.248",
			"port":	5201
		},
		"cookie":	"io4hghashpzrhcgf4ausasbxln2odkryleno",
		"tcp_mss_default":	1448,
		"sock_bufsize":	0,
		"sndbuf_actual":	87380,
		"rcvbuf_actual":	87380,
		"test_start":	{
			"protocol":	"TCP",
			"num_streams":	1,
			"blksize":	131072,
			"omit":	0,
			"duration":	26,
			"bytes":	0,
			"blocks":	0,
			"reverse":	0,
			"tos":	0
		}
	},
	"intervals":	[{
			"streams":	[{
					"socket":	5,
					"start":	0,
					"end":	1.000889,
					"seconds":	1.00088894367218,
					"bytes":	44687688,
					"bits_per_second":	357183987.55445939,
					"retransmits":	3848,
					"snd_cwnd":	2531104,
					"rtt":	58577,
					"rttvar":	44210,
					"pmtu":	1500,
					"omitted":	false,
					"sender":	true
				}],
			"sum":	{
				"start":	0,
				"end":	1.000889,
				"seconds":	1.00088894367218,
				"bytes":	44687688,
				"bits_per_second":	357183987.55445939,
				"retransmits":	3848,
				"omitted":	false,
				"sender":	true
			}
		}, {
			"streams":	[{
					"socket":	5,
					"start":	1.000889,
					"end":	2.001261,
					"seconds":	1.000372052192688,
					"bytes":	18350080,
					"bits_per_second":	146746042.81300312,
					"retransmits":	771,
					"snd_cwnd":	250504,
					"rtt":	38312,
					"rttvar":	2529,
					"pmtu":	1500,
					"omitted":	false,
					"sender":	true
				}],
			"sum":	{
				"start":	1.000889,
				"end":	2.001261,
				"seconds":	1.000372052192688,
				"bytes":	18350080,
				"bits_per_second":	146746042.81300312,
				"retransmits":	771,
				"omitted":	false,
				"sender":	true
			}
		}, {
			"streams":	[{
					"socket":	5,
					"start":	2.001261,
					"end":	3.0006,
					"seconds":	0.999338984489441,
					"bytes":	5242880,
					"bits_per_second":	41970783.338777244,
					"retransmits":	18,
					"snd_cwnd":	65160,
					"rtt":	38351,
					"rttvar":	1796,
					"pmtu":	1500,
					"omitted":	false,
					"sender":	true
				}],
			"sum":	{
				"start":	2.001261,
				"end":	3.0006,
				"seconds":	0.999338984489441,
				"bytes":	5242880,
				"bits_per_second":	41970783.338777244,
				"retransmits":	18,
				"omitted":	false,
				"sender":	true
			}
		}, {
			"streams":	[{
					"socket":	5,
					"start":	3.0006,
					"end":	4.001576,
					"seconds":	1.0009759664535522,
					"bytes":	1310720,
					"bits_per_second":	10475536.228058444,
					"retransmits":	13,
					"snd_cwnd":	18824,
					"rtt":	36356,
					"rttvar":	548,
					"pmtu":	1500,
					"omitted":	false,
					"sender":	true
				}],
			"sum":	{
				"start":	3.0006,
				"end":	4.001576,
				"seconds":	1.0009759664535522,
				"bytes":	1310720,
				"bits_per_second":	10475536.228058444,
				"retransmits":	13,
				"omitted":	false,
				"sender":	true
			}
		}, {
			"streams":	[{
					"socket":	5,
					"start":	4.001576,
					"end":	5.001501,
					"seconds":	0.99992501735687256,
					"bytes":	0,
					"bits_per_second":	0,
					"retransmits":	2,
					"snd_cwnd":	28960,
					"rtt":	38544,
					"rttvar":	781,
					"pmtu":	1500,
					"omitted":	false,
					"sender":	true
				}],
			"sum":	{
				"start":	4.001576,
				"end":	5.001501,
				"seconds":	0.99992501735687256,
				"bytes":	0,
				"bits_per_second":	0,
				"retransmits":	2,
				"omitted":	false,
				"sender":	true
			}
		}, {
			"streams":	[{
					"socket":	5,
					"start":	5.001501,
					"end":	6.002249,
					"seconds":	1.0007480382919312,
					"bytes":	1310720,
					"bits_per_second":	10477922.113039574,
					"retransmits":	8,
					"snd_cwnd":	20272,
					"rtt":	38611,
					"rttvar":	1133,
					"pmtu":	1500,
					"omitted":	false,
					"sender":	true
				}],
			"sum":	{
				"start":	5.001501,
				"end":	6.002249,
				"seconds":	1.0007480382919312,
				"bytes":	1310720,
				"bits_per_second":	10477922.113039574,
				"retransmits":	8,
				"omitted":	false,
				"sender":	true
			}
		}, {
			"streams":	[{
					"socket":	5,
					"start":	6.002249,
					"end":	7.00161,
					"seconds":	0.999360978603363,
					"bytes":	0,
					"bits_per_second":	0,
					"retransmits":	2,
					"snd_cwnd":	1448,
					"rtt":	38611,
					"rttvar":	1133,
					"pmtu":	1500,
					"omitted":	false,
					"sender":	true
				}],
			"sum":	{
				"start":	6.002249,
				"end":	7.00161,
				"seconds":	0.999360978603363,
				"bytes":	0,
				"bits_per_second":	0,
				"retransmits":	2,
				"omitted":	false,
				"sender":	true
			}
		}, {
			"streams":	[{
					"socket":	5,
					"start":	7.00161,
					"end":	8.001878,
					"seconds":	1.00026798248291,
					"bytes":	0,
					"bits_per_second":	0,
					"retransmits":	1,
					"snd_cwnd":	1448,
					"rtt":	38611,
					"rttvar":	1133,
					"pmtu":	1500,
					"omitted":	false,
					"sender":	true
				}],
			"sum":	{
				"start":	7.00161,
				"end":	8.001878,
				"seconds":	1.00026798248291,
				"bytes":	0,
				"bits_per_second":	0,
				"retransmits":	1,
				"omitted":	false,
				"sender":	true
			}
		}, {
			"streams":	[{
					"socket":	5,
					"start":	8.001878,
					"end":	9.003837,
					"seconds":	1.001958966255188,
					"bytes":	0,
					"bits_per_second":	0,
					"retransmits":	0,
					"snd_cwnd":	1448,
					"rtt":	38611,
					"rttvar":	1133,
					"pmtu":	1500,
					"omitted":	false,
					"sender":	true
				}],
			"sum":	{
				"start":	8.001878,
				"end":	9.003837,
				"seconds":	1.001958966255188,
				"bytes":	0,
				"bits_per_second":	0,
				"retransmits":	0,
				"omitted":	false,
				"sender":	true
			}
		}, {
			"streams":	[{
					"socket":	5,
					"start":	9.003837,
					"end":	10.000734,
					"seconds":	0.996896982192993,
					"bytes":	0,
					"bits_per_second":	0,
					"retransmits":	1,
					"snd_cwnd":	1448,
					"rtt":	38611,
					"rttvar":	1133,
					"pmtu":	1500,
					"omitted":	false,
					"sender":	true
				}],
			"sum":	{
				"start":	9.003837,
				"end":	10.000734,
				"seconds":	0.996896982192993,
				"bytes":	0,
				"bits_per_second":	0,
				"retransmits":	1,
				"omitted":	false,
				"sender":	true
			}
		}, {
			"streams":	[{
					"socket":	5,
					"start":	10.000734,
					"end":	11.002027,
					"seconds":	1.0012929439544678,
					"bytes":	0,
					"bits_per_second":	0,
					"retransmits":	0,
					"snd_cwnd":	1448,
					"rtt":	38611,
					"rttvar":	1133,
					"pmtu":	1500,
					"omitted":	false,
					"sender":	true
				}],
			"sum":	{
				"start":	10.000734,
				"end":	11.002027,
				"seconds":	1.0012929439544678,
				"bytes":	0,
				"bits_per_second":	0,
				"retransmits":	0,
				"omitted":	false,
				"sender":	true
			}
		}, {
			"streams":	[{
					"socket":	5,
					"start":	11.002027,
					"end":	12.001764,
					"seconds":	0.999737024307251,
					"bytes":	0,
					"bits_per_second":	0,
					"retransmits":	0,
					"snd_cwnd":	1448,
					"rtt":	38611,
					"rttvar":	1133,
					"pmtu":	1500,
					"omitted":	false,
					"sender":	true
				}],
			"sum":	{
				"start":	11.002027,
				"end":	12.001764,
				"seconds":	0.999737024307251,
				"bytes":	0,
				"bits_per_second":	0,
				"retransmits":	0,
				"omitted":	false,
				"sender":	true
			}
		}, {
			"streams":	[{
					"socket":	5,
					"start":	12.001764,
					"end":	13.013808,
					"seconds":	1.0120439529418945,
					"bytes":	0,
					"bits_per_second":	0,
					"retransmits":	0,
					"snd_cwnd":	1448,
					"rtt":	38611,
					"rttvar":	1133,
					"pmtu":	1500,
					"omitted":	false,
					"sender":	true
				}],
			"sum":	{
				"start":	12.001764,
				"end":	13.013808,
				"seconds":	1.0120439529418945,
				"bytes":	0,
				"bits_per_second":	0,
				"retransmits":	0,
				"omitted":	false,
				"sender":	true
			}
		}, {
			"streams":	[{
					"socket":	5,
					"start":	13.013808,
					"end":	14.001776,