{
	"start":	{
		"connected":	[{
				"socket":	5,
				"local_host":	"10.1.0.249",
				"local_port":	57510,
				"remote_host":	"10.0.0.248",
				"remote_port":	5201
			}],
		"version":	"iperf 3.9",
		"system_info":	"Linux agsargsyan-VirtualBox 6.5.0-18-generic #18~22.04.1-Ubuntu SMP PREEMPT_DYNAMIC Wed Feb  7 11:40:03 UTC 2 x86_64",
		"timestamp":	{
			"time":	"Sun, 18 Feb 2024 13:19:15 GMT",
			"timesecs":	1708262355
		},
		"connecting_to":	{
			"host":	"10.0.0.248",
			"port":	5201
		},
		"cookie":	"3vbwyhle5llpxo6mjvgns4x6xpqltdcxbkf4",
		"tcp_mss_default":	1448,
		"sock_bufsize":	16384,
		"sndbuf_actual":	32768,
		"rcvbuf_actual":	32768,
		"test_start":	{
			"protocol":	"TCP",
			"num_streams":	1,
			"blksize":	131072,
			"omit":	0,
			"duration":	26,
			"bytes":	0,
			"blocks":	0,
			"reverse":	0,
			"tos":	0
		}
	},
	"intervals":	[{
			"streams":	[{
					"socket":	5,
					"start":	0,
					"end":	1.000052,
					"seconds":	1.0000519752502441,
					"bytes":	382272,
					"bits_per_second":	3058017.058798118,
					"retransmits":	0,
					"snd_cwnd":	28960,
					"rtt":	38732,
					"rttvar":	1836,
					"pmtu":	1500,
					"omitted":	false,
					"sender":	true
				}],
			"sum":	{
				"start":	0,
				"end":	1.000052,
				"seconds":	1.0000519752502441,
				"bytes":	382272,
				"bits_per_second":	3058017.058798118,
				"retransmits":	0,
				"omitted":	false,
				"sender":	true
			}
		}, {
			"streams":	[{
					"socket":	5,
					"start":	1.000052,
					"end":	2.001271,
					"seconds":	1.0012190341949463,
					"bytes":	376480,
					"bits_per_second":	3008172.9343287414,
					"retransmits":	0,
					"snd_cwnd":	28960,
					"rtt":	37882,
					"rttvar":	865,
					"pmtu":	1500,
					"omitted":	false,
					"sender":	true
				}],
			"sum":	{
				"start":	1.000052,
				"end":	2.001271,
				"seconds":	1.0012190341949463,
				"bytes":	376480,
				"bits_per_second":	3008172.9343287414,
				"retransmits":	0,
				"omitted":	false,
				"sender":	true
			}
		}, {
			"streams":	[{
					"socket":	5,
					"start":	2.001271,
					"end":	3.000182,
					"seconds":	0.99891102313995361,
					"bytes":	376480,
					"bits_per_second":	3015123.399612362,
					"retransmits":	0,
					"snd_cwnd":	28960,
					"rtt":	38144,
					"rttvar":	2189,
					"pmtu":	1500,
					"omitted":	false,
					"sender":	true
				}],
			"sum":	{
				"start":	2.001271,
				"end":	3.000182,
				"seconds":	0.99891102313995361,
				"bytes":	376480,
				"bits_per_second":	3015123.399612362,
				"retransmits":	0,
				"omitted":	false,
				"sender":	true
			}
		}, {
			"streams":	[{
					"socket":	5,
					"start":	3.000182,
					"end":	4.00035,
					"seconds":	1.0001679658889771,
					"bytes":	376480,
					"bits_per_second":	3011334.1985743293,
					"retransmits":	0,
					"snd_cwnd":	28960,
					"rtt":	38484,
					"rttvar":	1515,
					"pmtu":	1500,
					"omitted":	false,
					"sender":	true
				}],
			"sum":	{
				"start":	3.000182,
				"end":	4.00035,
				"seconds":	1.0001679658889771,
				"bytes":	376480,
				"bits_per_second":	3011334.1985743293,
				"retransmits":	0,
				"omitted":	false,
				"sender":	true
			}
		}, {
			"streams":	[{
					"socket":	5,
					"start":	4.00035,
					"end":	5.000346,
					"seconds":	0.9999960064888,
					"bytes":	347520,
					"bits_per_second":	2780171.1026444361,
					"retransmits":	0,
					"snd_cwnd":	28960,
					"rtt":	43501,
					"rttvar":	5434,
					"pmtu":	1500,
					"omitted":	false,
					"sender":	true
				}],
			"sum":	{
				"start":	4.00035,
				"end":	5.000346,
				"seconds":	0.9999960064888,
				"bytes":	347520,
				"bits_per_second":	2780171.1026444361,
				"retransmits":	0,
				"omitted":	false,
				"sender":	true
			}
		}, {
			"streams":	[{
					"socket":	5,
					"start":	5.000346,
					"end":	6.000093,
					"seconds":	0.99974697828292847,
					"bytes":	347520,
					"bits_per_second":	2780863.6188877928,
					"retransmits":	0,
					"snd_cwnd":	28960,
					"rtt":	44418,
					"rttvar":	2429,
					"pmtu":	1500,
					"omitted":	false,
					"sender":	true
				}],
			"sum":	{
				"start":	5.000346,
				"end":	6.000093,
				"seconds":	0.99974697828292847,
				"bytes":	347520,
				"bits_per_second":	2780863.6188877928,
				"retransmits":	0,
				"omitted":	false,
				"sender":	true
			}
		}, {
			"streams":	[{
					"socket":	5,
					"start":	6.000093,
					"end":	7.000255,
					"seconds":	1.0001620054244995,
					"bytes":	362000,
					"bits_per_second":	2895530.9082860518,
					"retransmits":	0,
					"snd_cwnd":	28960,
					"rtt":	43416,
					"rttvar":	2372,
					"pmtu":	1500,
					"omitted":	false,
					"sender":	true
				}],
			"sum":	{
				"start":	6.000093,
				"end":	7.000255,
				"seconds":	1.0001620054244995,
				"bytes":	362000,
				"bits_per_second":	2895530.9082860518,
				"retransmits":	0,
				"omitted":	false,
				"sender":	true
			}
		}, {
			"streams":	[{
					"socket":	5,
					"start":	7.000255,
					"end":	8.002133,
					"seconds":	1.001878023147583,
					"bytes":	318560,
					"bits_per_second":	2543702.8671349473,
					"retransmits":	0,
					"snd_cwnd":	28960,
					"rtt":	45542,
					"rttvar":	2064,
					"pmtu":	1500,
					"omitted":	false,
					"sender":	true
				}],
			"sum":	{
				"start":	7.000255,
				"end":	8.002133,
				"seconds":	1.001878023147583,
				"bytes":	318560,
				"bits_per_second":	2543702.8671349473,
				"retransmits":	0,
				"omitted":	false,
				"sender":	true
			}
		}, {
			"streams":	[{
					"socket":	5,
					"start":	8.002133,
					"end":	9.001027,
					"seconds":	0.998893976211548,
					"bytes":	347520,
					"bits_per_second":	2783238.3277994781,
					"retransmits":	0,
					"snd_cwnd":	28960,
					"rtt":	43753,
					"rttvar":	6400,
					"pmtu":	1500,
					"omitted":	false,
					"sender":	true
				}],
			"sum":	{
				"start":	8.002133,
				"end":	9.001027,
				"seconds":	0.998893976211548,
				"bytes":	347520,
				"bits_per_second":	2783238.3277994781,
				"retransmits":	0,
				"omitted":	false,
				"sender":	true
			}
		}, {
			"streams":	[{
					"socket":	5,
					"start":	9.001027,
					"end":	10.008449,
					"seconds":	1.0074219703674316,
					"bytes":	333040,
					"bits_per_second":	2644691.1804278567,
					"retransmits":	0,
					"snd_cwnd":	28960,
					"rtt":	44450,
					"rttvar":	2255,
					"pmtu":	1500,
					"omitted":	false,
					"sender":	true
				}],
			"sum":	{
				"start":	9.001027,
				"end":	10.008449,
				"seconds":	1.0074219703674316,
				"bytes":	333040,
				"bits_per_second":	2644691.1804278567,
				"retransmits":	0,
				"omitted":	false,
				"sender":	true
			}
		}, {
			"streams":	[{
					"socket":	5,
					"start":	10.008449,
					"end":	11.000195,
					"seconds":	0.99174600839614868,
					"bytes":	318560,
					"bits_per_second":	2569690.2013464123,
					"retransmits":	0,
					"snd_cwnd":	28960,
					"rtt":	53204,
					"rttvar":	29353,
					"pmtu":	1500,
					"omitted":	false,
					"sender":	true
				}],
			"sum":	{
				"start":	10.008449,
				"end":	11.000195,
				"seconds":	0.99174600839614868,
				"bytes":	318560,
				"bits_per_second":	2569690.2013464123,
				"retransmits":	0,
				"omitted":	false,
				"sender":	true
			}
		}, {
			"streams":	[{
					"socket":	5,
					"start":	11.000195,
					"end":	12.000278,
					"seconds":	1.0000829696655273,
					"bytes":	376480,
					"bits_per_second":	3011590.12937426,
					"retransmits":	0,
					"snd_cwnd":	28960,
					"rtt":	37135,
					"rttvar":	594,
					"pmtu":	1500,
					"omitted":	false,
					"sender":	true
				}],
			"sum":	{
				"start":	11.000195,
				"end":	12.000278,
				"seconds":	1.0000829696655273,
				"bytes":	376480,
				"bits_per_second":	3011590.12937426,
				"retransmits":	0,
				"omitted":	false,
				"sender":	true
			}
		}, {
			"streams":	[{
					"socket":	5,
					"start":	12.000278,
					"end":	13.000101,
					"seconds":	0.999822974205017,
					"bytes":	390960,
					"bits_per_second":	3128233.7780714557,
					"retransmits":	0,
					"snd_cwnd":	28960,
					"rtt":	36433,
					"rttvar":	691,
					"pmtu":	1500,
					"omitted":	false,