{
	"start":	{
		"connected":	[{
				"socket":	5,
				"local_host":	"10.0.0.227",
				"local_port":	45650,
				"remote_host":	"10.1.0.226",
				"remote_port":	5201
			}],
		"version":	"iperf 3.9",
		"system_info":	"Linux agsargsyan-VirtualBox 6.5.0-21-generic #21~22.04.1-Ubuntu SMP PREEMPT_DYNAMIC Fri Feb  9 13:32:52 UTC 2 x86_64",
		"timestamp":	{
			"time":	"Sun, 25 Feb 2024 14:10:49 GMT",
			"timesecs":	1708870249
		},
		"connecting_to":	{
			"host":	"10.1.0.226",
			"port":	5201
		},
		"cookie":	"k6jue7gpm4g2bnobdokbby6infvdeskhemit",
		"tcp_mss_default":	1448,
		"sock_bufsize":	0,
		"sndbuf_actual":	87380,
		"rcvbuf_actual":	87380,
		"test_start":	{
			"protocol":	"TCP",
			"num_streams":	1,
			"blksize":	131072,
			"omit":	0,
			"duration":	26,
			"bytes":	0,
			"blocks":	0,
			"reverse":	0,
			"tos":	0
		}
	},
	"intervals":	[{
			"streams":	[{
					"socket":	5,
					"start":	0,
					"end":	1.000113,
					"seconds":	1.0001130104064941,
					"bytes":	66238848,
					"bits_per_second":	529850905.333807,
					"retransmits":	1062,
					"snd_cwnd":	538656,
					"rtt":	46337,
					"rttvar":	20159,
					"pmtu":	1500,
					"omitted":	false,
					"sender":	true
				}],
			"sum":	{
				"start":	0,
				"end":	1.000113,
				"seconds":	1.0001130104064941,
				"bytes":	66238848,
				"bits_per_second":	529850905.333807,
				"retransmits":	1062,
				"omitted":	false,
				"sender":	true
			}
		}, {
			"streams":	[{
					"socket":	5,
					"start":	1.000113,
					"end":	2.000126,
					"seconds":	1.000012993812561,
					"bytes":	57671680,
					"bits_per_second":	461367445.07789689,
					"retransmits":	4035,
					"snd_cwnd":	1517504,
					"rtt":	36985,
					"rttvar":	329,
					"pmtu":	1500,
					"omitted":	false,
					"sender":	true
				}],
			"sum":	{
				"start":	1.000113,
				"end":	2.000126,
				"seconds":	1.000012993812561,
				"bytes":	57671680,
				"bits_per_second":	461367445.07789689,
				"retransmits":	4035,
				"omitted":	false,
				"sender":	true
			}
		}, {
			"streams":	[{
					"socket":	5,
					"start":	2.000126,
					"end":	3.000113,
					"seconds":	0.999987006187439,
					"bytes":	30146560,
					"bits_per_second":	241175613.7907199,
					"retransmits":	227,
					"snd_cwnd":	264984,
					"rtt":	36660,
					"rttvar":	383,
					"pmtu":	1500,
					"omitted":	false,
					"sender":	true
				}],
			"sum":	{
				"start":	2.000126,
				"end":	3.000113,
				"seconds":	0.999987006187439,
				"bytes":	30146560,
				"bits_per_second":	241175613.7907199,
				"retransmits":	227,
				"omitted":	false,
				"sender":	true
			}
		}, {
			"streams":	[{
					"socket":	5,
					"start":	3.000113,
					"end":	4.000303,
					"seconds":	1.0001900196075439,
					"bytes":	2621440,
					"bits_per_second":	20967535.757084277,
					"retransmits":	49,
					"snd_cwnd":	23168,
					"rtt":	36842,
					"rttvar":	834,
					"pmtu":	1500,
					"omitted":	false,
					"sender":	true
				}],
			"sum":	{
				"start":	3.000113,
				"end":	4.000303,
				"seconds":	1.0001900196075439,
				"bytes":	2621440,
				"bits_per_second":	20967535.757084277,
				"retransmits":	49,
				"omitted":	false,
				"sender":	true
			}
		}, {
			"streams":	[{
					"socket":	5,
					"start":	4.000303,
					"end":	5.002081,
					"seconds":	1.00177800655365,
					"bytes":	1310720,
					"bits_per_second":	10467149.339875668,
					"retransmits":	0,
					"snd_cwnd":	41992,
					"rtt":	38557,
					"rttvar":	1586,
					"pmtu":	1500,
					"omitted":	false,
					"sender":	true
				}],
			"sum":	{
				"start":	4.000303,
				"end":	5.002081,
				"seconds":	1.00177800655365,
				"bytes":	1310720,
				"bits_per_second":	10467149.339875668,
				"retransmits":	0,
				"omitted":	false,
				"sender":	true
			}
		}, {
			"streams":	[{
					"socket":	5,
					"start":	5.002081,
					"end":	6.002606,
					"seconds":	1.0005249977111816,
					"bytes":	0,
					"bits_per_second":	0,
					"retransmits":	9,
					"snd_cwnd":	1448,
					"rtt":	39933,
					"rttvar":	984,
					"pmtu":	1500,
					"omitted":	false,
					"sender":	true
				}],
			"sum":	{
				"start":	5.002081,
				"end":	6.002606,
				"seconds":	1.0005249977111816,
				"bytes":	0,
				"bits_per_second":	0,
				"retransmits":	9,
				"omitted":	false,
				"sender":	true
			}
		}, {
			"streams":	[{
					"socket":	5,
					"start":	6.002606,
					"end":	7.000847,
					"seconds":	0.99824100732803345,
					"bytes":	0,
					"bits_per_second":	0,
					"retransmits":	1,
					"snd_cwnd":	1448,
					"rtt":	39933,
					"rttvar":	984,
					"pmtu":	1500,
					"omitted":	false,
					"sender":	true
				}],
			"sum":	{
				"start":	6.002606,
				"end":	7.000847,
				"seconds":	0.99824100732803345,
				"bytes":	0,
				"bits_per_second":	0,
				"retransmits":	1,
				"omitted":	false,
				"sender":	true
			}
		}, {
			"streams":	[{
					"socket":	5,
					"start":	7.000847,
					"end":	8.00066,
					"seconds":	0.9998130202293396,
					"bytes":	0,
					"bits_per_second":	0,
					"retransmits":	1,
					"snd_cwnd":	1448,
					"rtt":	39933,
					"rttvar":	984,
					"pmtu":	1500,
					"omitted":	false,
					"sender":	true
				}],
			"sum":	{
				"start":	7.000847,
				"end":	8.00066,
				"seconds":	0.9998130202293396,
				"bytes":	0,
				"bits_per_second":	0,
				"retransmits":	1,
				"omitted":	false,
				"sender":	true
			}
		}, {
			"streams":	[{
					"socket":	5,
					"start":	8.00066,
					"end":	9.003517,
					"seconds":	1.002856969833374,
					"bytes":	0,
					"bits_per_second":	0,
					"retransmits":	0,
					"snd_cwnd":	1448,
					"rtt":	39933,
					"rttvar":	984,
					"pmtu":	1500,
					"omitted":	false,
					"sender":	true
				}],
			"sum":	{
				"start":	8.00066,
				"end":	9.003517,
				"seconds":	1.002856969833374,
				"bytes":	0,
				"bits_per_second":	0,
				"retransmits":	0,
				"omitted":	false,
				"sender":	true
			}
		}, {
			"streams":	[{
					"socket":	5,
					"start":	9.003517,
					"end":	10.000473,
					"seconds":	0.9969559907913208,
					"bytes":	0,
					"bits_per_second":	0,
					"retransmits":	1,
					"snd_cwnd":	1448,
					"rtt":	39933,
					"rttvar":	984,
					"pmtu":	1500,
					"omitted":	false,
					"sender":	true
				}],
			"sum":	{
				"start":	9.003517,
				"end":	10.000473,
				"seconds":	0.9969559907913208,
				"bytes":	0,
				"bits_per_second":	0,
				"retransmits":	1,
				"omitted":	false,
				"sender":	true
			}
		}, {
			"streams":	[{
					"socket":	5,
					"start":	10.000473,
					"end":	11.001685,
					"seconds":	1.0012120008468628,
					"bytes":	0,
					"bits_per_second":	0,
					"retransmits":	0,
					"snd_cwnd":	1448,
					"rtt":	39933,
					"rttvar":	984,
					"pmtu":	1500,
					"omitted":	false,
					"sender":	true
				}],
			"sum":	{
				"start":	10.000473,
				"end":	11.001685,
				"seconds":	1.0012120008468628,
				"bytes":	0,
				"bits_per_second":	0,
				"retransmits":	0,
				"omitted":	false,
				"sender":	true
			}
		}, {
			"streams":	[{
					"socket":	5,
					"start":	11.001685,
					"end":	12.001888,
					"seconds":	1.000203013420105,
					"bytes":	0,
					"bits_per_second":	0,
					"retransmits":	0,
					"snd_cwnd":	1448,
					"rtt":	39933,
					"rttvar":	984,
					"pmtu":	1500,
					"omitted":	false,
					"sender":	true
				}],
			"sum":	{
				"start":	11.001685,
				"end":	12.001888,
				"seconds":	1.000203013420105,
				"bytes":	0,
				"bits_per_second":	0,
				"retransmits":	0,
				"omitted":	false,
				"sender":	true
			}
		}, {
			"streams":	[{
					"socket":	5,
					"start":	12.001888,
					"end":	13.001951,
					"seconds":	1.0000629425048828,
					"bytes":	0,
					"bits_per_second":	0,
					"retransmits":	0,
					"snd_cwnd":	1448,
					"rtt":	39933,
					"rttvar":	984,
					"pmtu":	1500,
					"omitted":	false,
					"sender":	true
				}],
			"sum":	{
				"start":	12.001888,
				"end":	13.001951,
				"seconds":	1.0000629425048828,
				"bytes":	0,
				"bits_per_second":	0,
				"retransmits":	0,
				"omitted":	false,
				"sender":	true
			}
		}, {
			"streams":	[{
					"socket":	5,
					"start":	13.001951,
					"end":	14.001388,