{
	"start":	{
		"connected":	[{
				"socket":	5,
				"local_host":	"10.1.0.227",
				"local_port":	55634,
				"remote_host":	"10.0.0.226",
				"remote_port":	5201
			}],
		"version":	"iperf 3.9",
		"system_info":	"Linux agsargsyan-VirtualBox 6.5.0-18-generic #18~22.04.1-Ubuntu SMP PREEMPT_DYNAMIC Wed Feb  7 11:40:03 UTC 2 x86_64",
		"timestamp":	{
			"time":	"Sun, 18 Feb 2024 13:19:14 GMT",
			"timesecs":	1708262354
		},
		"connecting_to":	{
			"host":	"10.0.0.226",
			"port":	5201
		},
		"cookie":	"l73lx564f22lbqwz3exjacwfx2a54uqfnj55",
		"tcp_mss_default":	1448,
		"sock_bufsize":	16384,
		"sndbuf_actual":	32768,
		"rcvbuf_actual":	32768,
		"test_start":	{
			"protocol":	"TCP",
			"num_streams":	1,
			"blksize":	131072,
			"omit":	0,
			"duration":	26,
			"bytes":	0,
			"blocks":	0,
			"reverse":	0,
			"tos":	0
		}
	},
	"intervals":	[{
			"streams":	[{
					"socket":	5,
					"start":	0,
					"end":	1.000087,
					"seconds":	1.0000870227813721,
					"bytes":	396752,
					"bits_per_second":	3173739.81233418,
					"retransmits":	0,
					"snd_cwnd":	28960,
					"rtt":	36085,
					"rttvar":	843,
					"pmtu":	1500,
					"omitted":	false,
					"sender":	true
				}],
			"sum":	{
				"start":	0,
				"end":	1.000087,
				"seconds":	1.0000870227813721,
				"bytes":	396752,
				"bits_per_second":	3173739.81233418,
				"retransmits":	0,
				"omitted":	false,
				"sender":	true
			}
		}, {
			"streams":	[{
					"socket":	5,
					"start":	1.000087,
					"end":	2.000162,
					"seconds":	1.0000749826431274,
					"bytes":	376480,
					"bits_per_second":	3011614.1812086129,
					"retransmits":	0,
					"snd_cwnd":	28960,
					"rtt":	38880,
					"rttvar":	2433,
					"pmtu":	1500,
					"omitted":	false,
					"sender":	true
				}],
			"sum":	{
				"start":	1.000087,
				"end":	2.000162,
				"seconds":	1.0000749826431274,
				"bytes":	376480,
				"bits_per_second":	3011614.1812086129,
				"retransmits":	0,
				"omitted":	false,
				"sender":	true
			}
		}, {
			"streams":	[{
					"socket":	5,
					"start":	2.000162,
					"end":	3.000371,
					"seconds":	1.0002089738845825,
					"bytes":	390960,
					"bits_per_second":	3127026.5331181819,
					"retransmits":	0,
					"snd_cwnd":	28960,
					"rtt":	38041,
					"rttvar":	927,
					"pmtu":	1500,
					"omitted":	false,
					"sender":	true
				}],
			"sum":	{
				"start":	2.000162,
				"end":	3.000371,
				"seconds":	1.0002089738845825,
				"bytes":	390960,
				"bits_per_second":	3127026.5331181819,
				"retransmits":	0,
				"omitted":	false,
				"sender":	true
			}
		}, {
			"streams":	[{
					"socket":	5,
					"start":	3.000371,
					"end":	4.001536,
					"seconds":	1.00116503238678,
					"bytes":	376480,
					"bits_per_second":	3008335.192070948,
					"retransmits":	0,
					"snd_cwnd":	28960,
					"rtt":	37978,
					"rttvar":	1225,
					"pmtu":	1500,
					"omitted":	false,
					"sender":	true
				}],
			"sum":	{
				"start":	3.000371,
				"end":	4.001536,
				"seconds":	1.00116503238678,
				"bytes":	376480,
				"bits_per_second":	3008335.192070948,
				"retransmits":	0,
				"omitted":	false,
				"sender":	true
			}
		}, {
			"streams":	[{
					"socket":	5,
					"start":	4.001536,
					"end":	5.000792,
					"seconds":	0.99925601482391357,
					"bytes":	362000,
					"bits_per_second":	2898156.1852398016,
					"retransmits":	0,
					"snd_cwnd":	28960,
					"rtt":	38651,
					"rttvar":	1123,
					"pmtu":	1500,
					"omitted":	false,
					"sender":	true
				}],
			"sum":	{
				"start":	4.001536,
				"end":	5.000792,
				"seconds":	0.99925601482391357,
				"bytes":	362000,
				"bits_per_second":	2898156.1852398016,
				"retransmits":	0,
				"omitted":	false,
				"sender":	true
			}
		}, {
			"streams":	[{
					"socket":	5,
					"start":	5.000792,
					"end":	6.000264,
					"seconds":	0.99947202205657959,
					"bytes":	362000,
					"bits_per_second":	2897529.831841615,
					"retransmits":	0,
					"snd_cwnd":	28960,
					"rtt":	41053,
					"rttvar":	4781,
					"pmtu":	1500,
					"omitted":	false,
					"sender":	true
				}],
			"sum":	{
				"start":	5.000792,
				"end":	6.000264,
				"seconds":	0.99947202205657959,
				"bytes":	362000,
				"bits_per_second":	2897529.831841615,
				"retransmits":	0,
				"omitted":	false,
				"sender":	true
			}
		}, {
			"streams":	[{
					"socket":	5,
					"start":	6.000264,
					"end":	7.00283,
					"seconds":	1.0025659799575806,
					"bytes":	347520,
					"bits_per_second":	2773044.4235875937,
					"retransmits":	0,
					"snd_cwnd":	28960,
					"rtt":	41377,
					"rttvar":	2808,
					"pmtu":	1500,
					"omitted":	false,
					"sender":	true
				}],
			"sum":	{
				"start":	6.000264,
				"end":	7.00283,
				"seconds":	1.0025659799575806,
				"bytes":	347520,
				"bits_per_second":	2773044.4235875937,
				"retransmits":	0,
				"omitted":	false,
				"sender":	true
			}
		}, {
			"streams":	[{
					"socket":	5,
					"start":	7.00283,
					"end":	8.002243,
					"seconds":	0.999413013458252,
					"bytes":	347520,
					"bits_per_second":	2781792.8749795435,
					"retransmits":	0,
					"snd_cwnd":	28960,
					"rtt":	41982,
					"rttvar":	2411,
					"pmtu":	1500,
					"omitted":	false,
					"sender":	true
				}],
			"sum":	{
				"start":	7.00283,
				"end":	8.002243,
				"seconds":	0.999413013458252,
				"bytes":	347520,
				"bits_per_second":	2781792.8749795435,
				"retransmits":	0,
				"omitted":	false,
				"sender":	true
			}
		}, {
			"streams":	[{
					"socket":	5,
					"start":	8.002243,
					"end":	9.002781,
					"seconds":	1.0005379915237427,
					"bytes":	333040,
					"bits_per_second":	2662887.3891559527,
					"retransmits":	0,
					"snd_cwnd":	28960,
					"rtt":	44949,
					"rttvar":	2173,
					"pmtu":	1500,
					"omitted":	false,
					"sender":	true
				}],
			"sum":	{
				"start":	8.002243,
				"end":	9.002781,
				"seconds":	1.0005379915237427,
				"bytes":	333040,
				"bits_per_second":	2662887.3891559527,
				"retransmits":	0,
				"omitted":	false,
				"sender":	true
			}
		}, {
			"streams":	[{
					"socket":	5,
					"start":	9.002781,
					"end":	10.000765,
					"seconds":	0.997983992099762,
					"bytes":	333040,
					"bits_per_second":	2669702.1406067456,
					"retransmits":	0,
					"snd_cwnd":	28960,
					"rtt":	43473,
					"rttvar":	4121,
					"pmtu":	1500,
					"omitted":	false,
					"sender":	true
				}],
			"sum":	{
				"start":	9.002781,
				"end":	10.000765,
				"seconds":	0.997983992099762,
				"bytes":	333040,
				"bits_per_second":	2669702.1406067456,
				"retransmits":	0,
				"omitted":	false,
				"sender":	true
			}
		}, {
			"streams":	[{
					"socket":	5,
					"start":	10.000765,
					"end":	11.001467,
					"seconds":	1.0007020235061646,
					"bytes":	333040,
					"bits_per_second":	2662450.8968863767,
					"retransmits":	0,
					"snd_cwnd":	28960,
					"rtt":	42947,
					"rttvar":	2609,
					"pmtu":	1500,
					"omitted":	false,
					"sender":	true
				}],
			"sum":	{
				"start":	10.000765,
				"end":	11.001467,
				"seconds":	1.0007020235061646,
				"bytes":	333040,
				"bits_per_second":	2662450.8968863767,
				"retransmits":	0,
				"omitted":	false,
				"sender":	true
			}
		}, {
			"streams":	[{
					"socket":	5,
					"start":	11.001467,
					"end":	12.000335,
					"seconds":	0.99886798858642578,
					"bytes":	318560,
					"bits_per_second":	2551368.17789761,
					"retransmits":	0,
					"snd_cwnd":	28960,
					"rtt":	51426,
					"rttvar":	26174,
					"pmtu":	1500,
					"omitted":	false,
					"sender":	true
				}],
			"sum":	{
				"start":	11.001467,
				"end":	12.000335,
				"seconds":	0.99886798858642578,
				"bytes":	318560,
				"bits_per_second":	2551368.17789761,
				"retransmits":	0,
				"omitted":	false,
				"sender":	true
			}
		}, {
			"streams":	[{
					"socket":	5,
					"start":	12.000335,
					"end":	13.000707,
					"seconds":	1.000372052192688,
					"bytes":	390960,
					"bits_per_second":	3126516.7725792862,
					"retransmits":	0,
					"snd_cwnd":	28960,
					"rtt":	36659,
					"rttvar":	496,
					"pmtu":	1500,
					"omitted":	false,