{
	"start":	{
		"connected":	[{
				"socket":	5,
				"local_host":	"10.0.0.229",
				"local_port":	35332,
				"remote_host":	"10.1.0.228",
				"remote_port":	5201
			}],
		"version":	"iperf 3.9",
		"system_info":	"Linux agsargsyan-VirtualBox 6.5.0-21-generic #21~22.04.1-Ubuntu SMP PREEMPT_DYNAMIC Fri Feb  9 13:32:52 UTC 2 x86_64",
		"timestamp":	{
			"time":	"Sun, 25 Feb 2024 14:10:49 GMT",
			"timesecs":	1708870249
		},
		"connecting_to":	{
			"host":	"10.1.0.228",
			"port":	5201
		},
		"cookie":	"klgrawshkgwx3xzqcf4jmgrl47zpmegr6naz",
		"tcp_mss_default":	1448,
		"sock_bufsize":	0,
		"sndbuf_actual":	87380,
		"rcvbuf_actual":	87380,
		"test_start":	{
			"protocol":	"TCP",
			"num_streams":	1,
			"blksize":	131072,
			"omit":	0,
			"duration":	26,
			"bytes":	0,
			"blocks":	0,
			"reverse":	0,
			"tos":	0
		}
	},
	"intervals":	[{
			"streams":	[{
					"socket":	5,
					"start":	0,
					"end":	1.000136,
					"seconds":	1.0001360177993774,
					"bytes":	19499328,
					"bits_per_second":	155973408.84016815,
					"retransmits":	333,
					"snd_cwnd":	451776,
					"rtt":	38909,
					"rttvar":	2549,
					"pmtu":	1500,
					"omitted":	false,
					"sender":	true
				}],
			"sum":	{
				"start":	0,
				"end":	1.000136,
				"seconds":	1.0001360177993774,
				"bytes":	19499328,
				"bits_per_second":	155973408.84016815,
				"retransmits":	333,
				"omitted":	false,
				"sender":	true
			}
		}, {
			"streams":	[{
					"socket":	5,
					"start":	1.000136,
					"end":	2.000634,
					"seconds":	1.0004980564117432,
					"bytes":	2621440,
					"bits_per_second":	20961080.199609522,
					"retransmits":	86,
					"snd_cwnd":	40544,
					"rtt":	37577,
					"rttvar":	1069,
					"pmtu":	1500,
					"omitted":	false,
					"sender":	true
				}],
			"sum":	{
				"start":	1.000136,
				"end":	2.000634,
				"seconds":	1.0004980564117432,
				"bytes":	2621440,
				"bits_per_second":	20961080.199609522,
				"retransmits":	86,
				"omitted":	false,
				"sender":	true
			}
		}, {
			"streams":	[{
					"socket":	5,
					"start":	2.000634,
					"end":	3.00174,
					"seconds":	1.0011060237884521,
					"bytes":	1310720,
					"bits_per_second":	10474175.312939471,
					"retransmits":	12,
					"snd_cwnd":	18824,
					"rtt":	36865,
					"rttvar":	557,
					"pmtu":	1500,
					"omitted":	false,
					"sender":	true
				}],
			"sum":	{
				"start":	2.000634,
				"end":	3.00174,
				"seconds":	1.0011060237884521,
				"bytes":	1310720,
				"bits_per_second":	10474175.312939471,
				"retransmits":	12,
				"omitted":	false,
				"sender":	true
			}
		}, {
			"streams":	[{
					"socket":	5,
					"start":	3.00174,
					"end":	4.001616,
					"seconds":	0.99987602233886719,
					"bytes":	1310720,
					"bits_per_second":	10487060.161190944,
					"retransmits":	8,
					"snd_cwnd":	11584,
					"rtt":	36341,
					"rttvar":	466,
					"pmtu":	1500,
					"omitted":	false,
					"sender":	true
				}],
			"sum":	{
				"start":	3.00174,
				"end":	4.001616,
				"seconds":	0.99987602233886719,
				"bytes":	1310720,
				"bits_per_second":	10487060.161190944,
				"retransmits":	8,
				"omitted":	false,
				"sender":	true
			}
		}, {
			"streams":	[{
					"socket":	5,
					"start":	4.001616,
					"end":	5.001446,
					"seconds":	0.99983000755310059,
					"bytes":	0,
					"bits_per_second":	0,
					"retransmits":	4,
					"snd_cwnd":	23168,
					"rtt":	38270,
					"rttvar":	2265,
					"pmtu":	1500,
					"omitted":	false,
					"sender":	true
				}],
			"sum":	{
				"start":	4.001616,
				"end":	5.001446,
				"seconds":	0.99983000755310059,
				"bytes":	0,
				"bits_per_second":	0,
				"retransmits":	4,
				"omitted":	false,
				"sender":	true
			}
		}, {
			"streams":	[{
					"socket":	5,
					"start":	5.001446,
					"end":	6.001582,
					"seconds":	1.0001360177993774,
					"bytes":	0,
					"bits_per_second":	0,
					"retransmits":	1,
					"snd_cwnd":	26064,
					"rtt":	40877,
					"rttvar":	5574,
					"pmtu":	1500,
					"omitted":	false,
					"sender":	true
				}],
			"sum":	{
				"start":	5.001446,
				"end":	6.001582,
				"seconds":	1.0001360177993774,
				"bytes":	0,
				"bits_per_second":	0,
				"retransmits":	1,
				"omitted":	false,
				"sender":	true
			}
		}, {
			"streams":	[{
					"socket":	5,
					"start":	6.001582,
					"end":	7.004779,
					"seconds":	1.0031969547271729,
					"bytes":	0,
					"bits_per_second":	0,
					"retransmits":	2,
					"snd_cwnd":	1448,
					"rtt":	40877,
					"rttvar":	5574,
					"pmtu":	1500,
					"omitted":	false,
					"sender":	true
				}],
			"sum":	{
				"start":	6.001582,
				"end":	7.004779,
				"seconds":	1.0031969547271729,
				"bytes":	0,
				"bits_per_second":	0,
				"retransmits":	2,
				"omitted":	false,
				"sender":	true
			}
		}, {
			"streams":	[{
					"socket":	5,
					"start":	7.004779,
					"end":	8.002405,
					"seconds":	0.997626006603241,
					"bytes":	0,
					"bits_per_second":	0,
					"retransmits":	1,
					"snd_cwnd":	1448,
					"rtt":	40877,
					"rttvar":	5574,
					"pmtu":	1500,
					"omitted":	false,
					"sender":	true
				}],
			"sum":	{
				"start":	7.004779,
				"end":	8.002405,
				"seconds":	0.997626006603241,
				"bytes":	0,
				"bits_per_second":	0,
				"retransmits":	1,
				"omitted":	false,
				"sender":	true
			}
		}, {
			"streams":	[{
					"socket":	5,
					"start":	8.002405,
					"end":	9.003777,
					"seconds":	1.00137197971344,
					"bytes":	0,
					"bits_per_second":	0,
					"retransmits":	0,
					"snd_cwnd":	1448,
					"rtt":	40877,
					"rttvar":	5574,
					"pmtu":	1500,
					"omitted":	false,
					"sender":	true
				}],
			"sum":	{
				"start":	8.002405,
				"end":	9.003777,
				"seconds":	1.00137197971344,
				"bytes":	0,
				"bits_per_second":	0,
				"retransmits":	0,
				"omitted":	false,
				"sender":	true
			}
		}, {
			"streams":	[{
					"socket":	5,
					"start":	9.003777,
					"end":	10.002372,
					"seconds":	0.99859499931335449,
					"bytes":	0,
					"bits_per_second":	0,
					"retransmits":	1,
					"snd_cwnd":	1448,
					"rtt":	40877,
					"rttvar":	5574,
					"pmtu":	1500,
					"omitted":	false,
					"sender":	true
				}],
			"sum":	{
				"start":	9.003777,
				"end":	10.002372,
				"seconds":	0.99859499931335449,
				"bytes":	0,
				"bits_per_second":	0,
				"retransmits":	1,
				"omitted":	false,
				"sender":	true
			}
		}, {
			"streams":	[{
					"socket":	5,
					"start":	10.002372,
					"end":	11.001278,
					"seconds":	0.99890601634979248,
					"bytes":	0,
					"bits_per_second":	0,
					"retransmits":	0,
					"snd_cwnd":	1448,
					"rtt":	40877,
					"rttvar":	5574,
					"pmtu":	1500,
					"omitted":	false,
					"sender":	true
				}],
			"sum":	{
				"start":	10.002372,
				"end":	11.001278,
				"seconds":	0.99890601634979248,
				"bytes":	0,
				"bits_per_second":	0,
				"retransmits":	0,
				"omitted":	false,
				"sender":	true
			}
		}, {
			"streams":	[{
					"socket":	5,
					"start":	11.001278,
					"end":	12.001059,
					"seconds":	0.99978101253509521,
					"bytes":	0,
					"bits_per_second":	0,
					"retransmits":	0,
					"snd_cwnd":	1448,
					"rtt":	40877,
					"rttvar":	5574,
					"pmtu":	1500,
					"omitted":	false,
					"sender":	true
				}],
			"sum":	{
				"start":	11.001278,
				"end":	12.001059,
				"seconds":	0.99978101253509521,
				"bytes":	0,
				"bits_per_second":	0,
				"retransmits":	0,
				"omitted":	false,
				"sender":	true
			}
		}, {
			"streams":	[{
					"socket":	5,
					"start":	12.001059,
					"end":	13.002042,
					"seconds":	1.0009829998016357,
					"bytes":	0,
					"bits_per_second":	0,
					"retransmits":	0,
					"snd_cwnd":	1448,
					"rtt":	40877,
					"rttvar":	5574,
					"pmtu":	1500,
					"omitted":	false,
					"sender":	true
				}],
			"sum":	{
				"start":	12.001059,
				"end":	13.002042,
				"seconds":	1.0009829998016357,
				"bytes":	0,
				"bits_per_second":	0,
				"retransmits":	0,
				"omitted":	false,
				"sender":	true
			}
		}, {
			"streams":	[{
					"socket":	5,
					"start":	13.002042,
					"end":	14.026596,
					"seconds":	1.0245540142059326,