{
	"start":	{
		"connected":	[{
				"socket":	5,
				"local_host":	"10.1.0.229",
				"local_port":	50156,
				"remote_host":	"10.0.0.228",
				"remote_port":	5201
			}],
		"version":	"iperf 3.9",
		"system_info":	"Linux agsargsyan-VirtualBox 6.5.0-18-generic #18~22.04.1-Ubuntu SMP PREEMPT_DYNAMIC Wed Feb  7 11:40:03 UTC 2 x86_64",
		"timestamp":	{
			"time":	"Sun, 18 Feb 2024 13:19:14 GMT",
			"timesecs":	1708262354
		},
		"connecting_to":	{
			"host":	"10.0.0.228",
			"port":	5201
		},
		"cookie":	"aeuxoz2xl3lgqjmawtlzol7oiiegs5r2nxnz",
		"tcp_mss_default":	1448,
		"sock_bufsize":	16384,
		"sndbuf_actual":	32768,
		"rcvbuf_actual":	32768,
		"test_start":	{
			"protocol":	"TCP",
			"num_streams":	1,
			"blksize":	131072,
			"omit":	0,
			"duration":	26,
			"bytes":	0,
			"blocks":	0,
			"reverse":	0,
			"tos":	0
		}
	},
	"intervals":	[{
			"streams":	[{
					"socket":	5,
					"start":	0,
					"end":	1.000851,
					"seconds":	1.000851035118103,
					"bytes":	395304,
					"bits_per_second":	3159742.9477872546,
					"retransmits":	0,
					"snd_cwnd":	28960,
					"rtt":	36021,
					"rttvar":	540,
					"pmtu":	1500,
					"omitted":	false,
					"sender":	true
				}],
			"sum":	{
				"start":	0,
				"end":	1.000851,
				"seconds":	1.000851035118103,
				"bytes":	395304,
				"bits_per_second":	3159742.9477872546,
				"retransmits":	0,
				"omitted":	false,
				"sender":	true
			}
		}, {
			"streams":	[{
					"socket":	5,
					"start":	1.000851,
					"end":	2.005349,
					"seconds":	1.00449800491333,
					"bytes":	376480,
					"bits_per_second":	2998353.3917121789,
					"retransmits":	0,
					"snd_cwnd":	28960,
					"rtt":	37787,
					"rttvar":	1793,
					"pmtu":	1500,
					"omitted":	false,
					"sender":	true
				}],
			"sum":	{
				"start":	1.000851,
				"end":	2.005349,
				"seconds":	1.00449800491333,
				"bytes":	376480,
				"bits_per_second":	2998353.3917121789,
				"retransmits":	0,
				"omitted":	false,
				"sender":	true
			}
		}, {
			"streams":	[{
					"socket":	5,
					"start":	2.005349,
					"end":	3.001083,
					"seconds":	0.99573397636413574,
					"bytes":	376480,
					"bits_per_second":	3024743.6278086617,
					"retransmits":	0,
					"snd_cwnd":	28960,
					"rtt":	38050,
					"rttvar":	745,
					"pmtu":	1500,
					"omitted":	false,
					"sender":	true
				}],
			"sum":	{
				"start":	2.005349,
				"end":	3.001083,
				"seconds":	0.99573397636413574,
				"bytes":	376480,
				"bits_per_second":	3024743.6278086617,
				"retransmits":	0,
				"omitted":	false,
				"sender":	true
			}
		}, {
			"streams":	[{
					"socket":	5,
					"start":	3.001083,
					"end":	4.000033,
					"seconds":	0.99895000457763672,
					"bytes":	390960,
					"bits_per_second":	3130967.50154419,
					"retransmits":	0,
					"snd_cwnd":	28960,
					"rtt":	37704,
					"rttvar":	910,
					"pmtu":	1500,
					"omitted":	false,
					"sender":	true
				}],
			"sum":	{
				"start":	3.001083,
				"end":	4.000033,
				"seconds":	0.99895000457763672,
				"bytes":	390960,
				"bits_per_second":	3130967.50154419,
				"retransmits":	0,
				"omitted":	false,
				"sender":	true
			}
		}, {
			"streams":	[{
					"socket":	5,
					"start":	4.000033,
					"end":	5.000318,
					"seconds":	1.0002850294113159,
					"bytes":	376480,
					"bits_per_second":	3010981.7816352975,
					"retransmits":	0,
					"snd_cwnd":	28960,
					"rtt":	37678,
					"rttvar":	841,
					"pmtu":	1500,
					"omitted":	false,
					"sender":	true
				}],
			"sum":	{
				"start":	4.000033,
				"end":	5.000318,
				"seconds":	1.0002850294113159,
				"bytes":	376480,
				"bits_per_second":	3010981.7816352975,
				"retransmits":	0,
				"omitted":	false,
				"sender":	true
			}
		}, {
			"streams":	[{
					"socket":	5,
					"start":	5.000318,
					"end":	6.000198,
					"seconds":	0.999880015850067,
					"bytes":	347520,
					"bits_per_second":	2780493.6151628089,
					"retransmits":	0,
					"snd_cwnd":	28960,
					"rtt":	41030,
					"rttvar":	4838,
					"pmtu":	1500,
					"omitted":	false,
					"sender":	true
				}],
			"sum":	{
				"start":	5.000318,
				"end":	6.000198,
				"seconds":	0.999880015850067,
				"bytes":	347520,
				"bits_per_second":	2780493.6151628089,
				"retransmits":	0,
				"omitted":	false,
				"sender":	true
			}
		}, {
			"streams":	[{
					"socket":	5,
					"start":	6.000198,
					"end":	7.000754,
					"seconds":	1.0005559921264648,
					"bytes":	362000,
					"bits_per_second":	2894390.7415367928,
					"retransmits":	0,
					"snd_cwnd":	28960,
					"rtt":	39046,
					"rttvar":	1142,
					"pmtu":	1500,
					"omitted":	false,
					"sender":	true
				}],
			"sum":	{
				"start":	6.000198,
				"end":	7.000754,
				"seconds":	1.0005559921264648,
				"bytes":	362000,
				"bits_per_second":	2894390.7415367928,
				"retransmits":	0,
				"omitted":	false,
				"sender":	true
			}
		}, {
			"streams":	[{
					"socket":	5,
					"start":	7.000754,
					"end":	8.000941,
					"seconds":	1.0001870393753052,
					"bytes":	347520,
					"bits_per_second":	2779640.0978525244,
					"retransmits":	0,
					"snd_cwnd":	28960,
					"rtt":	41508,
					"rttvar":	4035,
					"pmtu":	1500,
					"omitted":	false,
					"sender":	true
				}],
			"sum":	{
				"start":	7.000754,
				"end":	8.000941,
				"seconds":	1.0001870393753052,
				"bytes":	347520,
				"bits_per_second":	2779640.0978525244,
				"retransmits":	0,
				"omitted":	false,
				"sender":	true
			}
		}, {
			"streams":	[{
					"socket":	5,
					"start":	8.000941,
					"end":	9.004259,
					"seconds":	1.0033179521560669,
					"bytes":	333040,
					"bits_per_second":	2655509.14769794,
					"retransmits":	0,
					"snd_cwnd":	28960,
					"rtt":	43596,
					"rttvar":	3467,
					"pmtu":	1500,
					"omitted":	false,
					"sender":	true
				}],
			"sum":	{
				"start":	8.000941,
				"end":	9.004259,
				"seconds":	1.0033179521560669,
				"bytes":	333040,
				"bits_per_second":	2655509.14769794,
				"retransmits":	0,
				"omitted":	false,
				"sender":	true
			}
		}, {
			"streams":	[{
					"socket":	5,
					"start":	9.004259,
					"end":	10.003743,
					"seconds":	0.99948400259017944,
					"bytes":	347520,
					"bits_per_second":	2781595.2959678886,
					"retransmits":	0,
					"snd_cwnd":	28960,
					"rtt":	41844,
					"rttvar":	7087,
					"pmtu":	1500,
					"omitted":	false,
					"sender":	true
				}],
			"sum":	{
				"start":	9.004259,
				"end":	10.003743,
				"seconds":	0.99948400259017944,
				"bytes":	347520,
				"bits_per_second":	2781595.2959678886,
				"retransmits":	0,
				"omitted":	false,
				"sender":	true
			}
		}, {
			"streams":	[{
					"socket":	5,
					"start":	10.003743,
					"end":	11.002253,
					"seconds":	0.99851000308990479,
					"bytes":	347520,
					"bits_per_second":	2784308.61122748,
					"retransmits":	0,
					"snd_cwnd":	28960,
					"rtt":	41807,
					"rttvar":	3503,
					"pmtu":	1500,
					"omitted":	false,
					"sender":	true
				}],
			"sum":	{
				"start":	10.003743,
				"end":	11.002253,
				"seconds":	0.99851000308990479,
				"bytes":	347520,
				"bits_per_second":	2784308.61122748,
				"retransmits":	0,
				"omitted":	false,
				"sender":	true
			}
		}, {
			"streams":	[{
					"socket":	5,
					"start":	11.002253,
					"end":	12.006068,
					"seconds":	1.0038150548934937,
					"bytes":	318560,
					"bits_per_second":	2538794.3601527251,
					"retransmits":	0,
					"snd_cwnd":	28960,
					"rtt":	44748,
					"rttvar":	14648,
					"pmtu":	1500,
					"omitted":	false,
					"sender":	true
				}],
			"sum":	{
				"start":	11.002253,
				"end":	12.006068,
				"seconds":	1.0038150548934937,
				"bytes":	318560,
				"bits_per_second":	2538794.3601527251,
				"retransmits":	0,
				"omitted":	false,
				"sender":	true
			}
		}, {
			"streams":	[{
					"socket":	5,
					"start":	12.006068,
					"end":	13.000083,
					"seconds":	0.99401497840881348,
					"bytes":	376480,
					"bits_per_second":	3029974.46257928,
					"retransmits":	0,
					"snd_cwnd":	28960,
					"rtt":	36754,
					"rttvar":	741,
					"pmtu":	1500,
					"omitted":	false,