{
	"start":	{
		"connected":	[{
				"socket":	5,
				"local_host":	"127.0.0.1",
				"local_port":	42476,
				"remote_host":	"127.0.0.1",
				"remote_port":	5201
			}],
		"version":	"iperf 3.9",
		"system_info":	"Linux agsargsyan-VirtualBox 6.5.0-17-generic #17~22.04.1-Ubuntu SMP PREEMPT_DYNAMIC Tue Jan 16 14:32:32 UTC 2 x86_64",
		"timestamp":	{
			"time":	"Fri, 16 Feb 2024 13:07:03 GMT",
			"timesecs":	1708088823
		},
		"connecting_to":	{
			"host":	"127.0.0.1",
			"port":	5201
		},
		"cookie":	"iqbos67i5l6xwqeay2jqzh33pqrkmof57o5j",
		"tcp_mss_default":	22016,
		"sock_bufsize":	16384,
		"sndbuf_actual":	32768,
		"rcvbuf_actual":	32768,
		"test_start":	{
			"protocol":	"TCP",
			"num_streams":	1,
			"blksize":	131072,
			"omit":	0,
			"duration":	26,
			"bytes":	0,
			"blocks":	0,
			"reverse":	0,
			"tos":	0
		}
	},
	"intervals":	[{
			"streams":	[{
					"socket":	5,
					"start":	0,
					"end":	1.000051,
					"seconds":	1.0000510215759277,
					"bytes":	587726848,
					"bits_per_second":	4701574902.2391453,
					"retransmits":	1,
					"snd_cwnd":	81920,
					"rtt":	30,
					"rttvar":	11,
					"pmtu":	65535,
					"omitted":	false,
					"sender":	true
				}],
			"sum":	{
				"start":	0,
				"end":	1.000051,
				"seconds":	1.0000510215759277,
				"bytes":	587726848,
				"bits_per_second":	4701574902.2391453,
				"retransmits":	1,
				"omitted":	false,
				"sender":	true
			}
		}, {
			"streams":	[{
					"socket":	5,
					"start":	1.000051,
					"end":	2.000052,
					"seconds":	1.0000009536743164,
					"bytes":	655466496,
					"bits_per_second":	5243726967.19227,
					"retransmits":	0,
					"snd_cwnd":	81920,
					"rtt":	14,
					"rttvar":	7,
					"pmtu":	65535,
					"omitted":	false,
					"sender":	true
				}],
			"sum":	{
				"start":	1.000051,
				"end":	2.000052,
				"seconds":	1.0000009536743164,
				"bytes":	655466496,
				"bits_per_second":	5243726967.19227,
				"retransmits":	0,
				"omitted":	false,
				"sender":	true
			}
		}, {
			"streams":	[{
					"socket":	5,
					"start":	2.000052,
					"end":	3.000185,
					"seconds":	1.0001330375671387,
					"bytes":	700522496,
					"bits_per_second":	5603434500.7064047,
					"retransmits":	0,
					"snd_cwnd":	81920,
					"rtt":	18,
					"rttvar":	13,
					"pmtu":	65535,
					"omitted":	false,
					"sender":	true
				}],
			"sum":	{
				"start":	2.000052,
				"end":	3.000185,
				"seconds":	1.0001330375671387,
				"bytes":	700522496,
				"bits_per_second":	5603434500.7064047,
				"retransmits":	0,
				"omitted":	false,
				"sender":	true
			}
		}, {
			"streams":	[{
					"socket":	5,
					"start":	3.000185,
					"end":	4.000088,
					"seconds":	0.99990302324295044,
					"bytes":	657989632,
					"bits_per_second":	5264427583.1147327,
					"retransmits":	0,
					"snd_cwnd":	81920,
					"rtt":	29,
					"rttvar":	16,
					"pmtu":	65535,
					"omitted":	false,
					"sender":	true
				}],
			"sum":	{
				"start":	3.000185,
				"end":	4.000088,
				"seconds":	0.99990302324295044,
				"bytes":	657989632,
				"bits_per_second":	5264427583.1147327,
				"retransmits":	0,
				"omitted":	false,
				"sender":	true
			}
		}, {
			"streams":	[{
					"socket":	5,
					"start":	4.000088,
					"end":	5.000046,
					"seconds":	0.99995797872543335,
					"bytes":	661430272,
					"bits_per_second":	5291664538.4884863,
					"retransmits":	1,
					"snd_cwnd":	81920,
					"rtt":	16,
					"rttvar":	5,
					"pmtu":	65535,
					"omitted":	false,
					"sender":	true
				}],
			"sum":	{
				"start":	4.000088,
				"end":	5.000046,
				"seconds":	0.99995797872543335,
				"bytes":	661430272,
				"bits_per_second":	5291664538.4884863,
				"retransmits":	1,
				"omitted":	false,
				"sender":	true
			}
		}, {
			"streams":	[{
					"socket":	5,
					"start":	5.000046,
					"end":	6.000036,
					"seconds":	0.99998998641967773,
					"bytes":	713777152,
					"bits_per_second":	5710274396.29133,
					"retransmits":	0,
					"snd_cwnd":	81920,
					"rtt":	15,
					"rttvar":	5,
					"pmtu":	65535,
					"omitted":	false,
					"sender":	true
				}],
			"sum":	{
				"start":	5.000046,
				"end":	6.000036,
				"seconds":	0.99998998641967773,
				"bytes":	713777152,
				"bits_per_second":	5710274396.29133,
				"retransmits":	0,
				"omitted":	false,
				"sender":	true
			}
		}, {
			"streams":	[{
					"socket":	5,
					"start":	6.000036,
					"end":	7.000034,
					"seconds":	0.99999797344207764,
					"bytes":	712736768,
					"bits_per_second":	5701905699.2421675,
					"retransmits":	0,
					"snd_cwnd":	81920,
					"rtt":	16,
					"rttvar":	6,
					"pmtu":	65535,
					"omitted":	false,
					"sender":	true
				}],
			"sum":	{
				"start":	6.000036,
				"end":	7.000034,
				"seconds":	0.99999797344207764,
				"bytes":	712736768,
				"bits_per_second":	5701905699.2421675,
				"retransmits":	0,
				"omitted":	false,
				"sender":	true
			}
		}, {
			"streams":	[{
					"socket":	5,
					"start":	7.000034,
					"end":	8.000063,
					"seconds":	1.0000289678573608,
					"bytes":	487702528,
					"bits_per_second":	3901507205.6957731,
					"retransmits":	0,
					"snd_cwnd":	81920,
					"rtt":	18,
					"rttvar":	7,
					"pmtu":	65535,
					"omitted":	false,
					"sender":	true
				}],
			"sum":	{
				"start":	7.000034,
				"end":	8.000063,
				"seconds":	1.0000289678573608,
				"bytes":	487702528,
				"bits_per_second":	3901507205.6957731,
				"retransmits":	0,
				"omitted":	false,
				"sender":	true
			}
		}, {
			"streams":	[{
					"socket":	5,
					"start":	8.000063,
					"end":	9.000042,
					"seconds":	0.999979019165039,
					"bytes":	710426624,
					"bits_per_second":	5683532237.2518654,
					"retransmits":	0,
					"snd_cwnd":	81920,
					"rtt":	17,
					"rttvar":	5,
					"pmtu":	65535,
					"omitted":	false,
					"sender":	true
				}],
			"sum":	{
				"start":	8.000063,
				"end":	9.000042,
				"seconds":	0.999979019165039,
				"bytes":	710426624,
				"bits_per_second":	5683532237.2518654,
				"retransmits":	0,
				"omitted":	false,
				"sender":	true
			}
		}, {
			"streams":	[{
					"socket":	5,
					"start":	9.000042,
					"end":	10.000046,
					"seconds":	1.0000040531158447,
					"bytes":	644333568,
					"bits_per_second":	5154647651.61593,
					"retransmits":	0,
					"snd_cwnd":	81920,
					"rtt":	18,
					"rttvar":	7,
					"pmtu":	65535,
					"omitted":	false,
					"sender":	true
				}],
			"sum":	{
				"start":	9.000042,
				"end":	10.000046,
				"seconds":	1.0000040531158447,
				"bytes":	644333568,
				"bits_per_second":	5154647651.61593,
				"retransmits":	0,
				"omitted":	false,
				"sender":	true
			}
		}, {
			"streams":	[{
					"socket":	5,
					"start":	10.000046,
					"end":	11.000078,
					"seconds":	1.0000319480895996,
					"bytes":	583434240,
					"bits_per_second":	4667324807.8888474,
					"retransmits":	1,
					"snd_cwnd":	57344,
					"rtt":	20,
					"rttvar":	9,
					"pmtu":	65535,
					"omitted":	false,
					"sender":	true
				}],
			"sum":	{
				"start":	10.000046,
				"end":	11.000078,
				"seconds":	1.0000319480895996,
				"bytes":	583434240,
				"bits_per_second":	4667324807.8888474,
				"retransmits":	1,
				"omitted":	false,
				"sender":	true
			}
		}, {
			"streams":	[{
					"socket":	5,
					"start":	11.000078,
					"end":	12.000044,
					"seconds":	0.999966025352478,
					"bytes":	582131712,
					"bits_per_second":	4657211923.1335239,
					"retransmits":	1,
					"snd_cwnd":	57344,
					"rtt":	19,
					"rttvar":	7,
					"pmtu":	65535,
					"omitted":	false,
					"sender":	true
				}],
			"sum":	{
				"start":	11.000078,
				"end":	12.000044,
				"seconds":	0.999966025352478,
				"bytes":	582131712,
				"bits_per_second":	4657211923.1335239,
				"retransmits":	1,
				"omitted":	false,
				"sender":	true
			}
		}, {
			"streams":	[{
					"socket":	5,
					"start":	12.000044,
					"end":	13.00007,
					"seconds":	1.0000259876251221,
					"bytes":	644325376,
					"bits_per_second":	5154469055.59048,
					"retransmits":	1,
					"snd_cwnd":	57344,
					"rtt":	14,
					"rttvar":	6,
					"pmtu":	65535,
					"omitted":	false,