{
	"start":	{
		"connected":	[{
				"socket":	5,
				"local_host":	"10.1.0.241",
				"local_port":	38954,
				"remote_host":	"10.0.0.240",
				"remote_port":	5201
			}],
		"version":	"iperf 3.9",
		"system_info":	"Linux agsargsyan-VirtualBox 6.5.0-18-generic #18~22.04.1-Ubuntu SMP PREEMPT_DYNAMIC Wed Feb  7 11:40:03 UTC 2 x86_64",
		"timestamp":	{
			"time":	"Sun, 18 Feb 2024 13:19:15 GMT",
			"timesecs":	1708262355
		},
		"connecting_to":	{
			"host":	"10.0.0.240",
			"port":	5201
		},
		"cookie":	"73awdn3o7iwqyswch6h625u2d3neff6r62hz",
		"tcp_mss_default":	1448,
		"sock_bufsize":	16384,
		"sndbuf_actual":	32768,
		"rcvbuf_actual":	32768,
		"test_start":	{
			"protocol":	"TCP",
			"num_streams":	1,
			"blksize":	131072,
			"omit":	0,
			"duration":	26,
			"bytes":	0,
			"blocks":	0,
			"reverse":	0,
			"tos":	0
		}
	},
	"intervals":	[{
			"streams":	[{
					"socket":	5,
					"start":	0,
					"end":	1.000452,
					"seconds":	1.0004520416259766,
					"bytes":	382272,
					"bits_per_second":	3056794.2017787523,
					"retransmits":	0,
					"snd_cwnd":	28960,
					"rtt":	38826,
					"rttvar":	1353,
					"pmtu":	1500,
					"omitted":	false,
					"sender":	true
				}],
			"sum":	{
				"start":	0,
				"end":	1.000452,
				"seconds":	1.0004520416259766,
				"bytes":	382272,
				"bits_per_second":	3056794.2017787523,
				"retransmits":	0,
				"omitted":	false,
				"sender":	true
			}
		}, {
			"streams":	[{
					"socket":	5,
					"start":	1.000452,
					"end":	2.00117,
					"seconds":	1.0007179975509644,
					"bytes":	376480,
					"bits_per_second":	3009679.0578073058,
					"retransmits":	0,
					"snd_cwnd":	28960,
					"rtt":	37988,
					"rttvar":	803,
					"pmtu":	1500,
					"omitted":	false,
					"sender":	true
				}],
			"sum":	{
				"start":	1.000452,
				"end":	2.00117,
				"seconds":	1.0007179975509644,
				"bytes":	376480,
				"bits_per_second":	3009679.0578073058,
				"retransmits":	0,
				"omitted":	false,
				"sender":	true
			}
		}, {
			"streams":	[{
					"socket":	5,
					"start":	2.00117,
					"end":	3.00089,
					"seconds":	0.99971997737884521,
					"bytes":	376480,
					"bits_per_second":	3012683.61956386,
					"retransmits":	0,
					"snd_cwnd":	28960,
					"rtt":	37684,
					"rttvar":	1797,
					"pmtu":	1500,
					"omitted":	false,
					"sender":	true
				}],
			"sum":	{
				"start":	2.00117,
				"end":	3.00089,
				"seconds":	0.99971997737884521,
				"bytes":	376480,
				"bits_per_second":	3012683.61956386,
				"retransmits":	0,
				"omitted":	false,
				"sender":	true
			}
		}, {
			"streams":	[{
					"socket":	5,
					"start":	3.00089,
					"end":	4.001154,
					"seconds":	1.000264048576355,
					"bytes":	362000,
					"bits_per_second":	2895235.5171834752,
					"retransmits":	0,
					"snd_cwnd":	28960,
					"rtt":	38323,
					"rttvar":	1175,
					"pmtu":	1500,
					"omitted":	false,
					"sender":	true
				}],
			"sum":	{
				"start":	3.00089,
				"end":	4.001154,
				"seconds":	1.000264048576355,
				"bytes":	362000,
				"bits_per_second":	2895235.5171834752,
				"retransmits":	0,
				"omitted":	false,
				"sender":	true
			}
		}, {
			"streams":	[{
					"socket":	5,
					"start":	4.001154,
					"end":	5.000748,
					"seconds":	0.99959397315979,
					"bytes":	362000,
					"bits_per_second":	2897176.33135135,
					"retransmits":	0,
					"snd_cwnd":	28960,
					"rtt":	42083,
					"rttvar":	5552,
					"pmtu":	1500,
					"omitted":	false,
					"sender":	true
				}],
			"sum":	{
				"start":	4.001154,
				"end":	5.000748,
				"seconds":	0.99959397315979,
				"bytes":	362000,
				"bits_per_second":	2897176.33135135,
				"retransmits":	0,
				"omitted":	false,
				"sender":	true
			}
		}, {
			"streams":	[{
					"socket":	5,
					"start":	5.000748,
					"end":	6.000773,
					"seconds":	1.0000250339508057,
					"bytes":	347520,
					"bits_per_second":	2780090.4033536073,
					"retransmits":	0,
					"snd_cwnd":	28960,
					"rtt":	42547,
					"rttvar":	2754,
					"pmtu":	1500,
					"omitted":	false,
					"sender":	true
				}],
			"sum":	{
				"start":	5.000748,
				"end":	6.000773,
				"seconds":	1.0000250339508057,
				"bytes":	347520,
				"bits_per_second":	2780090.4033536073,
				"retransmits":	0,
				"omitted":	false,
				"sender":	true
			}
		}, {
			"streams":	[{
					"socket":	5,
					"start":	6.000773,
					"end":	7.000634,
					"seconds":	0.99986100196838379,
					"bytes":	347520,
					"bits_per_second":	2780546.4904889953,
					"retransmits":	0,
					"snd_cwnd":	28960,
					"rtt":	43455,
					"rttvar":	2254,
					"pmtu":	1500,
					"omitted":	false,
					"sender":	true
				}],
			"sum":	{
				"start":	6.000773,
				"end":	7.000634,
				"seconds":	0.99986100196838379,
				"bytes":	347520,
				"bits_per_second":	2780546.4904889953,
				"retransmits":	0,
				"omitted":	false,
				"sender":	true
			}
		}, {
			"streams":	[{
					"socket":	5,
					"start":	7.000634,
					"end":	8.000054,
					"seconds":	0.99941998720169067,
					"bytes":	333040,
					"bits_per_second":	2665866.2365357713,
					"retransmits":	0,
					"snd_cwnd":	28960,
					"rtt":	46201,
					"rttvar":	2254,
					"pmtu":	1500,
					"omitted":	false,
					"sender":	true
				}],
			"sum":	{
				"start":	7.000634,
				"end":	8.000054,
				"seconds":	0.99941998720169067,
				"bytes":	333040,
				"bits_per_second":	2665866.2365357713,
				"retransmits":	0,
				"omitted":	false,
				"sender":	true
			}
		}, {
			"streams":	[{
					"socket":	5,
					"start":	8.000054,
					"end":	9.004624,
					"seconds":	1.0045700073242188,
					"bytes":	333040,
					"bits_per_second":	2652199.4291833434,
					"retransmits":	0,
					"snd_cwnd":	28960,
					"rtt":	43590,
					"rttvar":	6417,
					"pmtu":	1500,
					"omitted":	false,
					"sender":	true
				}],
			"sum":	{
				"start":	8.000054,
				"end":	9.004624,
				"seconds":	1.0045700073242188,
				"bytes":	333040,
				"bits_per_second":	2652199.4291833434,
				"retransmits":	0,
				"omitted":	false,
				"sender":	true
			}
		}, {
			"streams":	[{
					"socket":	5,
					"start":	9.004624,
					"end":	10.000782,
					"seconds":	0.996158003807068,
					"bytes":	333040,
					"bits_per_second":	2674595.7868306357,
					"retransmits":	0,
					"snd_cwnd":	28960,
					"rtt":	44462,
					"rttvar":	2218,
					"pmtu":	1500,
					"omitted":	false,
					"sender":	true
				}],
			"sum":	{
				"start":	9.004624,
				"end":	10.000782,
				"seconds":	0.996158003807068,
				"bytes":	333040,
				"bits_per_second":	2674595.7868306357,
				"retransmits":	0,
				"omitted":	false,
				"sender":	true
			}
		}, {
			"streams":	[{
					"socket":	5,
					"start":	10.000782,
					"end":	11.002008,
					"seconds":	1.00122594833374,
					"bytes":	318560,
					"bits_per_second":	2545359.5207367828,
					"retransmits":	0,
					"snd_cwnd":	28960,
					"rtt":	53258,
					"rttvar":	29690,
					"pmtu":	1500,
					"omitted":	false,
					"sender":	true
				}],
			"sum":	{
				"start":	10.000782,
				"end":	11.002008,
				"seconds":	1.00122594833374,
				"bytes":	318560,
				"bits_per_second":	2545359.5207367828,
				"retransmits":	0,
				"omitted":	false,
				"sender":	true
			}
		}, {
			"streams":	[{
					"socket":	5,
					"start":	11.002008,
					"end":	12.000763,
					"seconds":	0.99875497817993164,
					"bytes":	376480,
					"bits_per_second":	3015594.4809292345,
					"retransmits":	0,
					"snd_cwnd":	28960,
					"rtt":	37140,
					"rttvar":	752,
					"pmtu":	1500,
					"omitted":	false,
					"sender":	true
				}],
			"sum":	{
				"start":	11.002008,
				"end":	12.000763,
				"seconds":	0.99875497817993164,
				"bytes":	376480,
				"bits_per_second":	3015594.4809292345,
				"retransmits":	0,
				"omitted":	false,
				"sender":	true
			}
		}, {
			"streams":	[{
					"socket":	5,
					"start":	12.000763,
					"end":	13.000964,
					"seconds":	1.0002009868621826,
					"bytes":	390960,
					"bits_per_second":	3127051.5037303818,
					"retransmits":	0,
					"snd_cwnd":	28960,
					"rtt":	36585,
					"rttvar":	468,
					"pmtu":	1500,
					"omitted":	false,