{
	"start":	{
		"connected":	[{
				"socket":	5,
				"local_host":	"10.0.0.241",
				"local_port":	52282,
				"remote_host":	"10.1.0.240",
				"remote_port":	5201
			}],
		"version":	"iperf 3.9",
		"system_info":	"Linux agsargsyan-VirtualBox 6.5.0-21-generic #21~22.04.1-Ubuntu SMP PREEMPT_DYNAMIC Fri Feb  9 13:32:52 UTC 2 x86_64",
		"timestamp":	{
			"time":	"Sun, 25 Feb 2024 14:10:49 GMT",
			"timesecs":	1708870249
		},
		"connecting_to":	{
			"host":	"10.1.0.240",
			"port":	5201
		},
		"cookie":	"4yktvsxel5zxwleetrwlc23jrbvihfk4o4p3",
		"tcp_mss_default":	1448,
		"sock_bufsize":	0,
		"sndbuf_actual":	87380,
		"rcvbuf_actual":	87380,
		"test_start":	{
			"protocol":	"TCP",
			"num_streams":	1,
			"blksize":	131072,
			"omit":	0,
			"duration":	26,
			"bytes":	0,
			"blocks":	0,
			"reverse":	0,
			"tos":	0
		}
	},
	"intervals":	[{
			"streams":	[{
					"socket":	5,
					"start":	0,
					"end":	1.000857,
					"seconds":	1.0008569955825806,
					"bytes":	59437960,
					"bits_per_second":	475096524.37730926,
					"retransmits":	1394,
					"snd_cwnd":	682008,
					"rtt":	36648,
					"rttvar":	831,
					"pmtu":	1500,
					"omitted":	false,
					"sender":	true
				}],
			"sum":	{
				"start":	0,
				"end":	1.000857,
				"seconds":	1.0008569955825806,
				"bytes":	59437960,
				"bits_per_second":	475096524.37730926,
				"retransmits":	1394,
				"omitted":	false,
				"sender":	true
			}
		}, {
			"streams":	[{
					"socket":	5,
					"start":	1.000857,
					"end":	2.000792,
					"seconds":	0.99993497133255,
					"bytes":	10485760,
					"bits_per_second":	83891535.354754448,
					"retransmits":	4620,
					"snd_cwnd":	244712,
					"rtt":	37278,
					"rttvar":	1083,
					"pmtu":	1500,
					"omitted":	false,
					"sender":	true
				}],
			"sum":	{
				"start":	1.000857,
				"end":	2.000792,
				"seconds":	0.99993497133255,
				"bytes":	10485760,
				"bits_per_second":	83891535.354754448,
				"retransmits":	4620,
				"omitted":	false,
				"sender":	true
			}
		}, {
			"streams":	[{
					"socket":	5,
					"start":	2.000792,
					"end":	3.000971,
					"seconds":	1.0001790523529053,
					"bytes":	5242880,
					"bits_per_second":	41935531.344442442,
					"retransmits":	20,
					"snd_cwnd":	95568,
					"rtt":	36527,
					"rttvar":	461,
					"pmtu":	1500,
					"omitted":	false,
					"sender":	true
				}],
			"sum":	{
				"start":	2.000792,
				"end":	3.000971,
				"seconds":	1.0001790523529053,
				"bytes":	5242880,
				"bits_per_second":	41935531.344442442,
				"retransmits":	20,
				"omitted":	false,
				"sender":	true
			}
		}, {
			"streams":	[{
					"socket":	5,
					"start":	3.000971,
					"end":	4.001729,
					"seconds":	1.0007580518722534,
					"bytes":	1310720,
					"bits_per_second":	10477817.271000588,
					"retransmits":	18,
					"snd_cwnd":	21720,
					"rtt":	38473,
					"rttvar":	3982,
					"pmtu":	1500,
					"omitted":	false,
					"sender":	true
				}],
			"sum":	{
				"start":	3.000971,
				"end":	4.001729,
				"seconds":	1.0007580518722534,
				"bytes":	1310720,
				"bits_per_second":	10477817.271000588,
				"retransmits":	18,
				"omitted":	false,
				"sender":	true
			}
		}, {
			"streams":	[{
					"socket":	5,
					"start":	4.001729,
					"end":	5.001532,
					"seconds":	0.99980300664901733,
					"bytes":	1310720,
					"bits_per_second":	10487826.031994566,
					"retransmits":	2,
					"snd_cwnd":	28960,
					"rtt":	39804,
					"rttvar":	2066,
					"pmtu":	1500,
					"omitted":	false,
					"sender":	true
				}],
			"sum":	{
				"start":	4.001729,
				"end":	5.001532,
				"seconds":	0.99980300664901733,
				"bytes":	1310720,
				"bits_per_second":	10487826.031994566,
				"retransmits":	2,
				"omitted":	false,
				"sender":	true
			}
		}, {
			"streams":	[{
					"socket":	5,
					"start":	5.001532,
					"end":	6.000767,
					"seconds":	0.999234974384308,
					"bytes":	0,
					"bits_per_second":	0,
					"retransmits":	8,
					"snd_cwnd":	13032,
					"rtt":	40212,
					"rttvar":	5114,
					"pmtu":	1500,
					"omitted":	false,
					"sender":	true
				}],
			"sum":	{
				"start":	5.001532,
				"end":	6.000767,
				"seconds":	0.999234974384308,
				"bytes":	0,
				"bits_per_second":	0,
				"retransmits":	8,
				"omitted":	false,
				"sender":	true
			}
		}, {
			"streams":	[{
					"socket":	5,
					"start":	6.000767,
					"end":	7.000161,
					"seconds":	0.9993939995765686,
					"bytes":	0,
					"bits_per_second":	0,
					"retransmits":	2,
					"snd_cwnd":	1448,
					"rtt":	40212,
					"rttvar":	5114,
					"pmtu":	1500,
					"omitted":	false,
					"sender":	true
				}],
			"sum":	{
				"start":	6.000767,
				"end":	7.000161,
				"seconds":	0.9993939995765686,
				"bytes":	0,
				"bits_per_second":	0,
				"retransmits":	2,
				"omitted":	false,
				"sender":	true
			}
		}, {
			"streams":	[{
					"socket":	5,
					"start":	7.000161,
					"end":	8.00213,
					"seconds":	1.00196897983551,
					"bytes":	0,
					"bits_per_second":	0,
					"retransmits":	1,
					"snd_cwnd":	1448,
					"rtt":	40212,
					"rttvar":	5114,
					"pmtu":	1500,
					"omitted":	false,
					"sender":	true
				}],
			"sum":	{
				"start":	7.000161,
				"end":	8.00213,
				"seconds":	1.00196897983551,
				"bytes":	0,
				"bits_per_second":	0,
				"retransmits":	1,
				"omitted":	false,
				"sender":	true
			}
		}, {
			"streams":	[{
					"socket":	5,
					"start":	8.00213,
					"end":	9.00435,
					"seconds":	1.0022200345993042,
					"bytes":	0,
					"bits_per_second":	0,
					"retransmits":	0,
					"snd_cwnd":	1448,
					"rtt":	40212,
					"rttvar":	5114,
					"pmtu":	1500,
					"omitted":	false,
					"sender":	true
				}],
			"sum":	{
				"start":	8.00213,
				"end":	9.00435,
				"seconds":	1.0022200345993042,
				"bytes":	0,
				"bits_per_second":	0,
				"retransmits":	0,
				"omitted":	false,
				"sender":	true
			}
		}, {
			"streams":	[{
					"socket":	5,
					"start":	9.00435,
					"end":	10.001143,
					"seconds":	0.99679297208786,
					"bytes":	0,
					"bits_per_second":	0,
					"retransmits":	1,
					"snd_cwnd":	1448,
					"rtt":	40212,
					"rttvar":	5114,
					"pmtu":	1500,
					"omitted":	false,
					"sender":	true
				}],
			"sum":	{
				"start":	9.00435,
				"end":	10.001143,
				"seconds":	0.99679297208786,
				"bytes":	0,
				"bits_per_second":	0,
				"retransmits":	1,
				"omitted":	false,
				"sender":	true
			}
		}, {
			"streams":	[{
					"socket":	5,
					"start":	10.001143,
					"end":	11.000482,
					"seconds":	0.999338984489441,
					"bytes":	0,
					"bits_per_second":	0,
					"retransmits":	0,
					"snd_cwnd":	1448,
					"rtt":	40212,
					"rttvar":	5114,
					"pmtu":	1500,
					"omitted":	false,
					"sender":	true
				}],
			"sum":	{
				"start":	10.001143,
				"end":	11.000482,
				"seconds":	0.999338984489441,
				"bytes":	0,
				"bits_per_second":	0,
				"retransmits":	0,
				"omitted":	false,
				"sender":	true
			}
		}, {
			"streams":	[{
					"socket":	5,
					"start":	11.000482,
					"end":	12.002223,
					"seconds":	1.0017410516738892,
					"bytes":	0,
					"bits_per_second":	0,
					"retransmits":	0,
					"snd_cwnd":	1448,
					"rtt":	40212,
					"rttvar":	5114,
					"pmtu":	1500,
					"omitted":	false,
					"sender":	true
				}],
			"sum":	{
				"start":	11.000482,
				"end":	12.002223,
				"seconds":	1.0017410516738892,
				"bytes":	0,
				"bits_per_second":	0,
				"retransmits":	0,
				"omitted":	false,
				"sender":	true
			}
		}, {
			"streams":	[{
					"socket":	5,
					"start":	12.002223,
					"end":	13.014205,
					"seconds":	1.0119819641113281,
					"bytes":	0,
					"bits_per_second":	0,
					"retransmits":	0,
					"snd_cwnd":	1448,
					"rtt":	40212,
					"rttvar":	5114,
					"pmtu":	1500,
					"omitted":	false,
					"sender":	true
				}],
			"sum":	{
				"start":	12.002223,
				"end":	13.014205,
				"seconds":	1.0119819641113281,
				"bytes":	0,
				"bits_per_second":	0,
				"retransmits":	0,
				"omitted":	false,
				"sender":	true
			}
		}, {
			"streams":	[{
					"socket":	5,
					"start":	13.014205,
					"end":	14.000237,